Laguna Q4R8 LS2 rescore preflight: 438 Q4 modules, 39 Q8 routers preserved, 1 standard Q4 embedding(s) preserved
source tensors=30513 template tensors=1634 experts=256 device=Device(gpu, 0)
Output Q4 policy: group_size=128 method=LS2; routers and embedding retain G64.
[source 1/14] indexed model-00001-of-00014.safetensors
[source 2/14] indexed model-00002-of-00014.safetensors
[source 3/14] indexed model-00003-of-00014.safetensors
[source 4/14] indexed model-00004-of-00014.safetensors
[source 5/14] indexed model-00005-of-00014.safetensors
[source 6/14] indexed model-00006-of-00014.safetensors
[source 7/14] indexed model-00007-of-00014.safetensors
[source 8/14] indexed model-00008-of-00014.safetensors
[source 9/14] indexed model-00009-of-00014.safetensors
[source 10/14] indexed model-00010-of-00014.safetensors
[source 11/14] indexed model-00011-of-00014.safetensors
[source 12/14] indexed model-00012-of-00014.safetensors
[source 13/14] indexed model-00013-of-00014.safetensors
[source 14/14] indexed model-00014-of-00014.safetensors
Template identity checks passed for dense Q4, routed gate/up/down Q4, and router Q8.
Preflight peak MLX memory: 144900240 bytes.
[shard 1/4] model-00001-of-00004.safetensors: 125 Q4 module(s)
  [1/438] language_model.model.layers.0.mlp.down_proj source_tensors_remaining=30272 mlx_active_bytes=17301504
  [2/438] language_model.model.layers.0.mlp.gate_proj source_tensors_remaining=30271 mlx_active_bytes=26214400
  [3/438] language_model.model.layers.0.mlp.up_proj source_tensors_remaining=30270 mlx_active_bytes=35127296
  [4/438] language_model.model.layers.0.self_attn.g_proj source_tensors_remaining=30269 mlx_active_bytes=35179520
  [5/438] language_model.model.layers.0.self_attn.k_proj source_tensors_remaining=30268 mlx_active_bytes=36293632
  [6/438] language_model.model.layers.0.self_attn.o_proj source_tensors_remaining=30267 mlx_active_bytes=42978304
  [7/438] language_model.model.layers.0.self_attn.q_proj source_tensors_remaining=30266 mlx_active_bytes=49662976
  [8/438] language_model.model.layers.0.self_attn.v_proj source_tensors_remaining=30265 mlx_active_bytes=50777088
  [9/438] language_model.model.layers.1.mlp.shared_expert.down_proj source_tensors_remaining=30264 mlx_active_bytes=49236992
  [10/438] language_model.model.layers.1.mlp.shared_expert.gate_proj source_tensors_remaining=30263 mlx_active_bytes=49794048
  [11/438] language_model.model.layers.1.mlp.shared_expert.up_proj source_tensors_remaining=30262 mlx_active_bytes=50351104
    layer 1 down_proj: experts 0...15
    layer 1 down_proj: experts 16...31
    layer 1 down_proj: experts 32...47
    layer 1 down_proj: experts 48...63
    layer 1 down_proj: experts 64...79
    layer 1 down_proj: experts 80...95
    layer 1 down_proj: experts 96...111
    layer 1 down_proj: experts 112...127
    layer 1 down_proj: experts 128...143
    layer 1 down_proj: experts 144...159
    layer 1 down_proj: experts 160...175
    layer 1 down_proj: experts 176...191
    layer 1 down_proj: experts 192...207
    layer 1 down_proj: experts 208...223
    layer 1 down_proj: experts 224...239
    layer 1 down_proj: experts 240...255
  [12/438] language_model.model.layers.1.mlp.switch_mlp.down_proj source_tensors_remaining=30006 mlx_active_bytes=190860288
    layer 1 gate_proj: experts 0...15
    layer 1 gate_proj: experts 16...31
    layer 1 gate_proj: experts 32...47
    layer 1 gate_proj: experts 48...63
    layer 1 gate_proj: experts 64...79
    layer 1 gate_proj: experts 80...95
    layer 1 gate_proj: experts 96...111
    layer 1 gate_proj: experts 112...127
    layer 1 gate_proj: experts 128...143
    layer 1 gate_proj: experts 144...159
    layer 1 gate_proj: experts 160...175
    layer 1 gate_proj: experts 176...191
    layer 1 gate_proj: experts 192...207
    layer 1 gate_proj: experts 208...223
    layer 1 gate_proj: experts 224...239
    layer 1 gate_proj: experts 240...255
  [13/438] language_model.model.layers.1.mlp.switch_mlp.gate_proj source_tensors_remaining=29750 mlx_active_bytes=331369472
    layer 1 up_proj: experts 0...15
    layer 1 up_proj: experts 16...31
    layer 1 up_proj: experts 32...47
    layer 1 up_proj: experts 48...63
    layer 1 up_proj: experts 64...79
    layer 1 up_proj: experts 80...95
    layer 1 up_proj: experts 96...111
    layer 1 up_proj: experts 112...127
    layer 1 up_proj: experts 128...143
    layer 1 up_proj: experts 144...159
    layer 1 up_proj: experts 160...175
    layer 1 up_proj: experts 176...191
    layer 1 up_proj: experts 192...207
    layer 1 up_proj: experts 208...223
    layer 1 up_proj: experts 224...239
    layer 1 up_proj: experts 240...255
  [14/438] language_model.model.layers.1.mlp.switch_mlp.up_proj source_tensors_remaining=29494 mlx_active_bytes=471878656
  [15/438] language_model.model.layers.1.self_attn.g_proj source_tensors_remaining=29493 mlx_active_bytes=471948288
  [16/438] language_model.model.layers.1.self_attn.k_proj source_tensors_remaining=29492 mlx_active_bytes=473062400
  [17/438] language_model.model.layers.1.self_attn.o_proj source_tensors_remaining=29491 mlx_active_bytes=481975296
  [18/438] language_model.model.layers.1.self_attn.q_proj source_tensors_remaining=29490 mlx_active_bytes=490888192
  [19/438] language_model.model.layers.1.self_attn.v_proj source_tensors_remaining=29489 mlx_active_bytes=492002304
  [20/438] language_model.model.layers.10.mlp.shared_expert.down_proj source_tensors_remaining=29488 mlx_active_bytes=492559360
  [21/438] language_model.model.layers.10.mlp.shared_expert.gate_proj source_tensors_remaining=29487 mlx_active_bytes=493116416
  [22/438] language_model.model.layers.10.mlp.shared_expert.up_proj source_tensors_remaining=29486 mlx_active_bytes=493673472
    layer 10 down_proj: experts 0...15
    layer 10 down_proj: experts 16...31
    layer 10 down_proj: experts 32...47
    layer 10 down_proj: experts 48...63
    layer 10 down_proj: experts 64...79
    layer 10 down_proj: experts 80...95
    layer 10 down_proj: experts 96...111
    layer 10 down_proj: experts 112...127
    layer 10 down_proj: experts 128...143
    layer 10 down_proj: experts 144...159
    layer 10 down_proj: experts 160...175
    layer 10 down_proj: experts 176...191
    layer 10 down_proj: experts 192...207
    layer 10 down_proj: experts 208...223
    layer 10 down_proj: experts 224...239
    layer 10 down_proj: experts 240...255
  [23/438] language_model.model.layers.10.mlp.switch_mlp.down_proj source_tensors_remaining=29230 mlx_active_bytes=636279808
    layer 10 gate_proj: experts 0...15
    layer 10 gate_proj: experts 16...31
    layer 10 gate_proj: experts 32...47
    layer 10 gate_proj: experts 48...63
    layer 10 gate_proj: experts 64...79
    layer 10 gate_proj: experts 80...95
    layer 10 gate_proj: experts 96...111
    layer 10 gate_proj: experts 112...127
    layer 10 gate_proj: experts 128...143
    layer 10 gate_proj: experts 144...159
    layer 10 gate_proj: experts 160...175
    layer 10 gate_proj: experts 176...191
    layer 10 gate_proj: experts 192...207
    layer 10 gate_proj: experts 208...223
    layer 10 gate_proj: experts 224...239
    layer 10 gate_proj: experts 240...255
  [24/438] language_model.model.layers.10.mlp.switch_mlp.gate_proj source_tensors_remaining=28974 mlx_active_bytes=778886144
    layer 10 up_proj: experts 0...15
    layer 10 up_proj: experts 16...31
    layer 10 up_proj: experts 32...47
    layer 10 up_proj: experts 48...63
    layer 10 up_proj: experts 64...79
    layer 10 up_proj: experts 80...95
    layer 10 up_proj: experts 96...111
    layer 10 up_proj: experts 112...127
    layer 10 up_proj: experts 128...143
    layer 10 up_proj: experts 144...159
    layer 10 up_proj: experts 160...175
    layer 10 up_proj: experts 176...191
    layer 10 up_proj: experts 192...207
    layer 10 up_proj: experts 208...223
    layer 10 up_proj: experts 224...239
    layer 10 up_proj: experts 240...255
  [25/438] language_model.model.layers.10.mlp.switch_mlp.up_proj source_tensors_remaining=28718 mlx_active_bytes=921492480
  [26/438] language_model.model.layers.10.self_attn.g_proj source_tensors_remaining=28717 mlx_active_bytes=921562112
  [27/438] language_model.model.layers.10.self_attn.k_proj source_tensors_remaining=28716 mlx_active_bytes=922676224
  [28/438] language_model.model.layers.10.self_attn.o_proj source_tensors_remaining=28715 mlx_active_bytes=931589120
  [29/438] language_model.model.layers.10.self_attn.q_proj source_tensors_remaining=28714 mlx_active_bytes=940502016
  [30/438] language_model.model.layers.10.self_attn.v_proj source_tensors_remaining=28713 mlx_active_bytes=941616128
    layer 11 gate_proj: experts 0...15
    layer 11 gate_proj: experts 16...31
    layer 11 gate_proj: experts 32...47
    layer 11 gate_proj: experts 48...63
    layer 11 gate_proj: experts 64...79
    layer 11 gate_proj: experts 80...95
    layer 11 gate_proj: experts 96...111
    layer 11 gate_proj: experts 112...127
    layer 11 gate_proj: experts 128...143
    layer 11 gate_proj: experts 144...159
    layer 11 gate_proj: experts 160...175
    layer 11 gate_proj: experts 176...191
    layer 11 gate_proj: experts 192...207
    layer 11 gate_proj: experts 208...223
    layer 11 gate_proj: experts 224...239
    layer 11 gate_proj: experts 240...255
  [31/438] language_model.model.layers.11.mlp.switch_mlp.gate_proj source_tensors_remaining=28457 mlx_active_bytes=1084222464
    layer 11 up_proj: experts 0...15
    layer 11 up_proj: experts 16...31
    layer 11 up_proj: experts 32...47
    layer 11 up_proj: experts 48...63
    layer 11 up_proj: experts 64...79
    layer 11 up_proj: experts 80...95
    layer 11 up_proj: experts 96...111
    layer 11 up_proj: experts 112...127
    layer 11 up_proj: experts 128...143
    layer 11 up_proj: experts 144...159
    layer 11 up_proj: experts 160...175
    layer 11 up_proj: experts 176...191
    layer 11 up_proj: experts 192...207
    layer 11 up_proj: experts 208...223
    layer 11 up_proj: experts 224...239
    layer 11 up_proj: experts 240...255
  [32/438] language_model.model.layers.11.mlp.switch_mlp.up_proj source_tensors_remaining=28201 mlx_active_bytes=1226828800
  [33/438] language_model.model.layers.11.self_attn.g_proj source_tensors_remaining=28200 mlx_active_bytes=1226898432
  [34/438] language_model.model.layers.11.self_attn.k_proj source_tensors_remaining=28199 mlx_active_bytes=1228012544
  [35/438] language_model.model.layers.11.self_attn.o_proj source_tensors_remaining=28198 mlx_active_bytes=1236925440
  [36/438] language_model.model.layers.11.self_attn.q_proj source_tensors_remaining=28197 mlx_active_bytes=1245838336
  [37/438] language_model.model.layers.11.self_attn.v_proj source_tensors_remaining=28196 mlx_active_bytes=1246952448
  [38/438] language_model.model.layers.2.mlp.shared_expert.down_proj source_tensors_remaining=28195 mlx_active_bytes=1247509504
  [39/438] language_model.model.layers.2.mlp.shared_expert.gate_proj source_tensors_remaining=28194 mlx_active_bytes=1248066560
  [40/438] language_model.model.layers.2.mlp.shared_expert.up_proj source_tensors_remaining=28193 mlx_active_bytes=1248623616
    layer 2 down_proj: experts 0...15
    layer 2 down_proj: experts 16...31
    layer 2 down_proj: experts 32...47
    layer 2 down_proj: experts 48...63
    layer 2 down_proj: experts 64...79
    layer 2 down_proj: experts 80...95
    layer 2 down_proj: experts 96...111
    layer 2 down_proj: experts 112...127
    layer 2 down_proj: experts 128...143
    layer 2 down_proj: experts 144...159
    layer 2 down_proj: experts 160...175
    layer 2 down_proj: experts 176...191
    layer 2 down_proj: experts 192...207
    layer 2 down_proj: experts 208...223
    layer 2 down_proj: experts 224...239
    layer 2 down_proj: experts 240...255
  [41/438] language_model.model.layers.2.mlp.switch_mlp.down_proj source_tensors_remaining=27937 mlx_active_bytes=1391229952
    layer 2 gate_proj: experts 0...15
    layer 2 gate_proj: experts 16...31
    layer 2 gate_proj: experts 32...47
    layer 2 gate_proj: experts 48...63
    layer 2 gate_proj: experts 64...79
    layer 2 gate_proj: experts 80...95
    layer 2 gate_proj: experts 96...111
    layer 2 gate_proj: experts 112...127
    layer 2 gate_proj: experts 128...143
    layer 2 gate_proj: experts 144...159
    layer 2 gate_proj: experts 160...175
    layer 2 gate_proj: experts 176...191
    layer 2 gate_proj: experts 192...207
    layer 2 gate_proj: experts 208...223
    layer 2 gate_proj: experts 224...239
    layer 2 gate_proj: experts 240...255
  [42/438] language_model.model.layers.2.mlp.switch_mlp.gate_proj source_tensors_remaining=27681 mlx_active_bytes=1533836288
    layer 2 up_proj: experts 0...15
    layer 2 up_proj: experts 16...31
    layer 2 up_proj: experts 32...47
    layer 2 up_proj: experts 48...63
    layer 2 up_proj: experts 64...79
    layer 2 up_proj: experts 80...95
    layer 2 up_proj: experts 96...111
    layer 2 up_proj: experts 112...127
    layer 2 up_proj: experts 128...143
    layer 2 up_proj: experts 144...159
    layer 2 up_proj: experts 160...175
    layer 2 up_proj: experts 176...191
    layer 2 up_proj: experts 192...207
    layer 2 up_proj: experts 208...223
    layer 2 up_proj: experts 224...239
    layer 2 up_proj: experts 240...255
  [43/438] language_model.model.layers.2.mlp.switch_mlp.up_proj source_tensors_remaining=27425 mlx_active_bytes=1676442624
  [44/438] language_model.model.layers.2.self_attn.g_proj source_tensors_remaining=27424 mlx_active_bytes=1676512256
  [45/438] language_model.model.layers.2.self_attn.k_proj source_tensors_remaining=27423 mlx_active_bytes=1677626368
  [46/438] language_model.model.layers.2.self_attn.o_proj source_tensors_remaining=27422 mlx_active_bytes=1686539264
  [47/438] language_model.model.layers.2.self_attn.q_proj source_tensors_remaining=27421 mlx_active_bytes=1695452160
  [48/438] language_model.model.layers.2.self_attn.v_proj source_tensors_remaining=27420 mlx_active_bytes=1696566272
  [49/438] language_model.model.layers.3.mlp.shared_expert.down_proj source_tensors_remaining=27419 mlx_active_bytes=1697123328
  [50/438] language_model.model.layers.3.mlp.shared_expert.gate_proj source_tensors_remaining=27418 mlx_active_bytes=1697680384
  [51/438] language_model.model.layers.3.mlp.shared_expert.up_proj source_tensors_remaining=27417 mlx_active_bytes=1698237440
    layer 3 down_proj: experts 0...15
    layer 3 down_proj: experts 16...31
    layer 3 down_proj: experts 32...47
    layer 3 down_proj: experts 48...63
    layer 3 down_proj: experts 64...79
    layer 3 down_proj: experts 80...95
    layer 3 down_proj: experts 96...111
    layer 3 down_proj: experts 112...127
    layer 3 down_proj: experts 128...143
    layer 3 down_proj: experts 144...159
    layer 3 down_proj: experts 160...175
    layer 3 down_proj: experts 176...191
    layer 3 down_proj: experts 192...207
    layer 3 down_proj: experts 208...223
    layer 3 down_proj: experts 224...239
    layer 3 down_proj: experts 240...255
  [52/438] language_model.model.layers.3.mlp.switch_mlp.down_proj source_tensors_remaining=27161 mlx_active_bytes=1840843776
    layer 3 gate_proj: experts 0...15
    layer 3 gate_proj: experts 16...31
    layer 3 gate_proj: experts 32...47
    layer 3 gate_proj: experts 48...63
    layer 3 gate_proj: experts 64...79
    layer 3 gate_proj: experts 80...95
    layer 3 gate_proj: experts 96...111
    layer 3 gate_proj: experts 112...127
    layer 3 gate_proj: experts 128...143
    layer 3 gate_proj: experts 144...159
    layer 3 gate_proj: experts 160...175
    layer 3 gate_proj: experts 176...191
    layer 3 gate_proj: experts 192...207
    layer 3 gate_proj: experts 208...223
    layer 3 gate_proj: experts 224...239
    layer 3 gate_proj: experts 240...255
  [53/438] language_model.model.layers.3.mlp.switch_mlp.gate_proj source_tensors_remaining=26905 mlx_active_bytes=1983450112
    layer 3 up_proj: experts 0...15
    layer 3 up_proj: experts 16...31
    layer 3 up_proj: experts 32...47
    layer 3 up_proj: experts 48...63
    layer 3 up_proj: experts 64...79
    layer 3 up_proj: experts 80...95
    layer 3 up_proj: experts 96...111
    layer 3 up_proj: experts 112...127
    layer 3 up_proj: experts 128...143
    layer 3 up_proj: experts 144...159
    layer 3 up_proj: experts 160...175
    layer 3 up_proj: experts 176...191
    layer 3 up_proj: experts 192...207
    layer 3 up_proj: experts 208...223
    layer 3 up_proj: experts 224...239
    layer 3 up_proj: experts 240...255
  [54/438] language_model.model.layers.3.mlp.switch_mlp.up_proj source_tensors_remaining=26649 mlx_active_bytes=2126056448
  [55/438] language_model.model.layers.3.self_attn.g_proj source_tensors_remaining=26648 mlx_active_bytes=2126126080
  [56/438] language_model.model.layers.3.self_attn.k_proj source_tensors_remaining=26647 mlx_active_bytes=2127240192
  [57/438] language_model.model.layers.3.self_attn.o_proj source_tensors_remaining=26646 mlx_active_bytes=2136153088
  [58/438] language_model.model.layers.3.self_attn.q_proj source_tensors_remaining=26645 mlx_active_bytes=2145065984
  [59/438] language_model.model.layers.3.self_attn.v_proj source_tensors_remaining=26644 mlx_active_bytes=2146180096
  [60/438] language_model.model.layers.4.mlp.shared_expert.down_proj source_tensors_remaining=26643 mlx_active_bytes=2146737152
  [61/438] language_model.model.layers.4.mlp.shared_expert.gate_proj source_tensors_remaining=26642 mlx_active_bytes=2147294208
  [62/438] language_model.model.layers.4.mlp.shared_expert.up_proj source_tensors_remaining=26641 mlx_active_bytes=2147851264
    layer 4 down_proj: experts 0...15
    layer 4 down_proj: experts 16...31
    layer 4 down_proj: experts 32...47
    layer 4 down_proj: experts 48...63
    layer 4 down_proj: experts 64...79
    layer 4 down_proj: experts 80...95
    layer 4 down_proj: experts 96...111
    layer 4 down_proj: experts 112...127
    layer 4 down_proj: experts 128...143
    layer 4 down_proj: experts 144...159
    layer 4 down_proj: experts 160...175
    layer 4 down_proj: experts 176...191
    layer 4 down_proj: experts 192...207
    layer 4 down_proj: experts 208...223
    layer 4 down_proj: experts 224...239
    layer 4 down_proj: experts 240...255
  [63/438] language_model.model.layers.4.mlp.switch_mlp.down_proj source_tensors_remaining=26385 mlx_active_bytes=2290457600
    layer 4 gate_proj: experts 0...15
    layer 4 gate_proj: experts 16...31
    layer 4 gate_proj: experts 32...47
    layer 4 gate_proj: experts 48...63
    layer 4 gate_proj: experts 64...79
    layer 4 gate_proj: experts 80...95
    layer 4 gate_proj: experts 96...111
    layer 4 gate_proj: experts 112...127
    layer 4 gate_proj: experts 128...143
    layer 4 gate_proj: experts 144...159
    layer 4 gate_proj: experts 160...175
    layer 4 gate_proj: experts 176...191
    layer 4 gate_proj: experts 192...207
    layer 4 gate_proj: experts 208...223
    layer 4 gate_proj: experts 224...239
    layer 4 gate_proj: experts 240...255
  [64/438] language_model.model.layers.4.mlp.switch_mlp.gate_proj source_tensors_remaining=26129 mlx_active_bytes=2433063936
    layer 4 up_proj: experts 0...15
    layer 4 up_proj: experts 16...31
    layer 4 up_proj: experts 32...47
    layer 4 up_proj: experts 48...63
    layer 4 up_proj: experts 64...79
    layer 4 up_proj: experts 80...95
    layer 4 up_proj: experts 96...111
    layer 4 up_proj: experts 112...127
    layer 4 up_proj: experts 128...143
    layer 4 up_proj: experts 144...159
    layer 4 up_proj: experts 160...175
    layer 4 up_proj: experts 176...191
    layer 4 up_proj: experts 192...207
    layer 4 up_proj: experts 208...223
    layer 4 up_proj: experts 224...239
    layer 4 up_proj: experts 240...255
  [65/438] language_model.model.layers.4.mlp.switch_mlp.up_proj source_tensors_remaining=25873 mlx_active_bytes=2575670272
  [66/438] language_model.model.layers.4.self_attn.g_proj source_tensors_remaining=25872 mlx_active_bytes=2575722496
  [67/438] language_model.model.layers.4.self_attn.k_proj source_tensors_remaining=25871 mlx_active_bytes=2576836608
  [68/438] language_model.model.layers.4.self_attn.o_proj source_tensors_remaining=25870 mlx_active_bytes=2583521280
  [69/438] language_model.model.layers.4.self_attn.q_proj source_tensors_remaining=25869 mlx_active_bytes=2590205952
  [70/438] language_model.model.layers.4.self_attn.v_proj source_tensors_remaining=25868 mlx_active_bytes=2591320064
  [71/438] language_model.model.layers.5.mlp.shared_expert.down_proj source_tensors_remaining=25867 mlx_active_bytes=2591877120
  [72/438] language_model.model.layers.5.mlp.shared_expert.gate_proj source_tensors_remaining=25866 mlx_active_bytes=2592434176
  [73/438] language_model.model.layers.5.mlp.shared_expert.up_proj source_tensors_remaining=25865 mlx_active_bytes=2592991232
    layer 5 down_proj: experts 0...15
    layer 5 down_proj: experts 16...31
    layer 5 down_proj: experts 32...47
    layer 5 down_proj: experts 48...63
    layer 5 down_proj: experts 64...79
    layer 5 down_proj: experts 80...95
    layer 5 down_proj: experts 96...111
    layer 5 down_proj: experts 112...127
    layer 5 down_proj: experts 128...143
    layer 5 down_proj: experts 144...159
    layer 5 down_proj: experts 160...175
    layer 5 down_proj: experts 176...191
    layer 5 down_proj: experts 192...207
    layer 5 down_proj: experts 208...223
    layer 5 down_proj: experts 224...239
    layer 5 down_proj: experts 240...255
  [74/438] language_model.model.layers.5.mlp.switch_mlp.down_proj source_tensors_remaining=25609 mlx_active_bytes=2735597568
    layer 5 gate_proj: experts 0...15
    layer 5 gate_proj: experts 16...31
    layer 5 gate_proj: experts 32...47
    layer 5 gate_proj: experts 48...63
    layer 5 gate_proj: experts 64...79
    layer 5 gate_proj: experts 80...95
    layer 5 gate_proj: experts 96...111
    layer 5 gate_proj: experts 112...127
    layer 5 gate_proj: experts 128...143
    layer 5 gate_proj: experts 144...159
    layer 5 gate_proj: experts 160...175
    layer 5 gate_proj: experts 176...191
    layer 5 gate_proj: experts 192...207
    layer 5 gate_proj: experts 208...223
    layer 5 gate_proj: experts 224...239
    layer 5 gate_proj: experts 240...255
  [75/438] language_model.model.layers.5.mlp.switch_mlp.gate_proj source_tensors_remaining=25353 mlx_active_bytes=2878203904
    layer 5 up_proj: experts 0...15
    layer 5 up_proj: experts 16...31
    layer 5 up_proj: experts 32...47
    layer 5 up_proj: experts 48...63
    layer 5 up_proj: experts 64...79
    layer 5 up_proj: experts 80...95
    layer 5 up_proj: experts 96...111
    layer 5 up_proj: experts 112...127
    layer 5 up_proj: experts 128...143
    layer 5 up_proj: experts 144...159
    layer 5 up_proj: experts 160...175
    layer 5 up_proj: experts 176...191
    layer 5 up_proj: experts 192...207
    layer 5 up_proj: experts 208...223
    layer 5 up_proj: experts 224...239
    layer 5 up_proj: experts 240...255
  [76/438] language_model.model.layers.5.mlp.switch_mlp.up_proj source_tensors_remaining=25097 mlx_active_bytes=3020810240
  [77/438] language_model.model.layers.5.self_attn.g_proj source_tensors_remaining=25096 mlx_active_bytes=3020879872
  [78/438] language_model.model.layers.5.self_attn.k_proj source_tensors_remaining=25095 mlx_active_bytes=3021993984
  [79/438] language_model.model.layers.5.self_attn.o_proj source_tensors_remaining=25094 mlx_active_bytes=3030906880
  [80/438] language_model.model.layers.5.self_attn.q_proj source_tensors_remaining=25093 mlx_active_bytes=3039819776
  [81/438] language_model.model.layers.5.self_attn.v_proj source_tensors_remaining=25092 mlx_active_bytes=3040933888
  [82/438] language_model.model.layers.6.mlp.shared_expert.down_proj source_tensors_remaining=25091 mlx_active_bytes=3041490944
  [83/438] language_model.model.layers.6.mlp.shared_expert.gate_proj source_tensors_remaining=25090 mlx_active_bytes=3042048000
  [84/438] language_model.model.layers.6.mlp.shared_expert.up_proj source_tensors_remaining=25089 mlx_active_bytes=3042605056
    layer 6 down_proj: experts 0...15
    layer 6 down_proj: experts 16...31
    layer 6 down_proj: experts 32...47
    layer 6 down_proj: experts 48...63
    layer 6 down_proj: experts 64...79
    layer 6 down_proj: experts 80...95
    layer 6 down_proj: experts 96...111
    layer 6 down_proj: experts 112...127
    layer 6 down_proj: experts 128...143
    layer 6 down_proj: experts 144...159
    layer 6 down_proj: experts 160...175
    layer 6 down_proj: experts 176...191
    layer 6 down_proj: experts 192...207
    layer 6 down_proj: experts 208...223
    layer 6 down_proj: experts 224...239
    layer 6 down_proj: experts 240...255
  [85/438] language_model.model.layers.6.mlp.switch_mlp.down_proj source_tensors_remaining=24833 mlx_active_bytes=3185211392
    layer 6 gate_proj: experts 0...15
    layer 6 gate_proj: experts 16...31
    layer 6 gate_proj: experts 32...47
    layer 6 gate_proj: experts 48...63
    layer 6 gate_proj: experts 64...79
    layer 6 gate_proj: experts 80...95
    layer 6 gate_proj: experts 96...111
    layer 6 gate_proj: experts 112...127
    layer 6 gate_proj: experts 128...143
    layer 6 gate_proj: experts 144...159
    layer 6 gate_proj: experts 160...175
    layer 6 gate_proj: experts 176...191
    layer 6 gate_proj: experts 192...207
    layer 6 gate_proj: experts 208...223
    layer 6 gate_proj: experts 224...239
    layer 6 gate_proj: experts 240...255
  [86/438] language_model.model.layers.6.mlp.switch_mlp.gate_proj source_tensors_remaining=24577 mlx_active_bytes=3327817728
    layer 6 up_proj: experts 0...15
    layer 6 up_proj: experts 16...31
    layer 6 up_proj: experts 32...47
    layer 6 up_proj: experts 48...63
    layer 6 up_proj: experts 64...79
    layer 6 up_proj: experts 80...95
    layer 6 up_proj: experts 96...111
    layer 6 up_proj: experts 112...127
    layer 6 up_proj: experts 128...143
    layer 6 up_proj: experts 144...159
    layer 6 up_proj: experts 160...175
    layer 6 up_proj: experts 176...191
    layer 6 up_proj: experts 192...207
    layer 6 up_proj: experts 208...223
    layer 6 up_proj: experts 224...239
    layer 6 up_proj: experts 240...255
  [87/438] language_model.model.layers.6.mlp.switch_mlp.up_proj source_tensors_remaining=24321 mlx_active_bytes=3470424064
  [88/438] language_model.model.layers.6.self_attn.g_proj source_tensors_remaining=24320 mlx_active_bytes=3470493696
  [89/438] language_model.model.layers.6.self_attn.k_proj source_tensors_remaining=24319 mlx_active_bytes=3471607808
  [90/438] language_model.model.layers.6.self_attn.o_proj source_tensors_remaining=24318 mlx_active_bytes=3480520704
  [91/438] language_model.model.layers.6.self_attn.q_proj source_tensors_remaining=24317 mlx_active_bytes=3489433600
  [92/438] language_model.model.layers.6.self_attn.v_proj source_tensors_remaining=24316 mlx_active_bytes=3490547712
  [93/438] language_model.model.layers.7.mlp.shared_expert.down_proj source_tensors_remaining=24315 mlx_active_bytes=3491104768
  [94/438] language_model.model.layers.7.mlp.shared_expert.gate_proj source_tensors_remaining=24314 mlx_active_bytes=3491661824
  [95/438] language_model.model.layers.7.mlp.shared_expert.up_proj source_tensors_remaining=24313 mlx_active_bytes=3492218880
    layer 7 down_proj: experts 0...15
    layer 7 down_proj: experts 16...31
    layer 7 down_proj: experts 32...47
    layer 7 down_proj: experts 48...63
    layer 7 down_proj: experts 64...79
    layer 7 down_proj: experts 80...95
    layer 7 down_proj: experts 96...111
    layer 7 down_proj: experts 112...127
    layer 7 down_proj: experts 128...143
    layer 7 down_proj: experts 144...159
    layer 7 down_proj: experts 160...175
    layer 7 down_proj: experts 176...191
    layer 7 down_proj: experts 192...207
    layer 7 down_proj: experts 208...223
    layer 7 down_proj: experts 224...239
    layer 7 down_proj: experts 240...255
  [96/438] language_model.model.layers.7.mlp.switch_mlp.down_proj source_tensors_remaining=24057 mlx_active_bytes=3634825216
    layer 7 gate_proj: experts 0...15
    layer 7 gate_proj: experts 16...31
    layer 7 gate_proj: experts 32...47
    layer 7 gate_proj: experts 48...63
    layer 7 gate_proj: experts 64...79
    layer 7 gate_proj: experts 80...95
    layer 7 gate_proj: experts 96...111
    layer 7 gate_proj: experts 112...127
    layer 7 gate_proj: experts 128...143
    layer 7 gate_proj: experts 144...159
    layer 7 gate_proj: experts 160...175
    layer 7 gate_proj: experts 176...191
    layer 7 gate_proj: experts 192...207
    layer 7 gate_proj: experts 208...223
    layer 7 gate_proj: experts 224...239
    layer 7 gate_proj: experts 240...255
  [97/438] language_model.model.layers.7.mlp.switch_mlp.gate_proj source_tensors_remaining=23801 mlx_active_bytes=3777431552
    layer 7 up_proj: experts 0...15
    layer 7 up_proj: experts 16...31
    layer 7 up_proj: experts 32...47
    layer 7 up_proj: experts 48...63
    layer 7 up_proj: experts 64...79
    layer 7 up_proj: experts 80...95
    layer 7 up_proj: experts 96...111
    layer 7 up_proj: experts 112...127
    layer 7 up_proj: experts 128...143
    layer 7 up_proj: experts 144...159
    layer 7 up_proj: experts 160...175
    layer 7 up_proj: experts 176...191
    layer 7 up_proj: experts 192...207
    layer 7 up_proj: experts 208...223
    layer 7 up_proj: experts 224...239
    layer 7 up_proj: experts 240...255
  [98/438] language_model.model.layers.7.mlp.switch_mlp.up_proj source_tensors_remaining=23545 mlx_active_bytes=3920037888
  [99/438] language_model.model.layers.7.self_attn.g_proj source_tensors_remaining=23544 mlx_active_bytes=3920107520
  [100/438] language_model.model.layers.7.self_attn.k_proj source_tensors_remaining=23543 mlx_active_bytes=3921221632
  [101/438] language_model.model.layers.7.self_attn.o_proj source_tensors_remaining=23542 mlx_active_bytes=3930134528
  [102/438] language_model.model.layers.7.self_attn.q_proj source_tensors_remaining=23541 mlx_active_bytes=3939047424
  [103/438] language_model.model.layers.7.self_attn.v_proj source_tensors_remaining=23540 mlx_active_bytes=3940161536
  [104/438] language_model.model.layers.8.mlp.shared_expert.down_proj source_tensors_remaining=23539 mlx_active_bytes=3940718592
  [105/438] language_model.model.layers.8.mlp.shared_expert.gate_proj source_tensors_remaining=23538 mlx_active_bytes=3941275648
  [106/438] language_model.model.layers.8.mlp.shared_expert.up_proj source_tensors_remaining=23537 mlx_active_bytes=3941832704
    layer 8 down_proj: experts 0...15
    layer 8 down_proj: experts 16...31
    layer 8 down_proj: experts 32...47
    layer 8 down_proj: experts 48...63
    layer 8 down_proj: experts 64...79
    layer 8 down_proj: experts 80...95
    layer 8 down_proj: experts 96...111
    layer 8 down_proj: experts 112...127
    layer 8 down_proj: experts 128...143
    layer 8 down_proj: experts 144...159
    layer 8 down_proj: experts 160...175
    layer 8 down_proj: experts 176...191
    layer 8 down_proj: experts 192...207
    layer 8 down_proj: experts 208...223
    layer 8 down_proj: experts 224...239
    layer 8 down_proj: experts 240...255
  [107/438] language_model.model.layers.8.mlp.switch_mlp.down_proj source_tensors_remaining=23281 mlx_active_bytes=4084439040
    layer 8 gate_proj: experts 0...15
    layer 8 gate_proj: experts 16...31
    layer 8 gate_proj: experts 32...47
    layer 8 gate_proj: experts 48...63
    layer 8 gate_proj: experts 64...79
    layer 8 gate_proj: experts 80...95
    layer 8 gate_proj: experts 96...111
    layer 8 gate_proj: experts 112...127
    layer 8 gate_proj: experts 128...143
    layer 8 gate_proj: experts 144...159
    layer 8 gate_proj: experts 160...175
    layer 8 gate_proj: experts 176...191
    layer 8 gate_proj: experts 192...207
    layer 8 gate_proj: experts 208...223
    layer 8 gate_proj: experts 224...239
    layer 8 gate_proj: experts 240...255
  [108/438] language_model.model.layers.8.mlp.switch_mlp.gate_proj source_tensors_remaining=23025 mlx_active_bytes=4227045376
    layer 8 up_proj: experts 0...15
    layer 8 up_proj: experts 16...31
    layer 8 up_proj: experts 32...47
    layer 8 up_proj: experts 48...63
    layer 8 up_proj: experts 64...79
    layer 8 up_proj: experts 80...95
    layer 8 up_proj: experts 96...111
    layer 8 up_proj: experts 112...127
    layer 8 up_proj: experts 128...143
    layer 8 up_proj: experts 144...159
    layer 8 up_proj: experts 160...175
    layer 8 up_proj: experts 176...191
    layer 8 up_proj: experts 192...207
    layer 8 up_proj: experts 208...223
    layer 8 up_proj: experts 224...239
    layer 8 up_proj: experts 240...255
  [109/438] language_model.model.layers.8.mlp.switch_mlp.up_proj source_tensors_remaining=22769 mlx_active_bytes=4369651712
  [110/438] language_model.model.layers.8.self_attn.g_proj source_tensors_remaining=22768 mlx_active_bytes=4369703936
  [111/438] language_model.model.layers.8.self_attn.k_proj source_tensors_remaining=22767 mlx_active_bytes=4370818048
  [112/438] language_model.model.layers.8.self_attn.o_proj source_tensors_remaining=22766 mlx_active_bytes=4377502720
  [113/438] language_model.model.layers.8.self_attn.q_proj source_tensors_remaining=22765 mlx_active_bytes=4384187392
  [114/438] language_model.model.layers.8.self_attn.v_proj source_tensors_remaining=22764 mlx_active_bytes=4385301504
  [115/438] language_model.model.layers.9.mlp.shared_expert.down_proj source_tensors_remaining=22763 mlx_active_bytes=4385858560
  [116/438] language_model.model.layers.9.mlp.shared_expert.gate_proj source_tensors_remaining=22762 mlx_active_bytes=4386415616
  [117/438] language_model.model.layers.9.mlp.shared_expert.up_proj source_tensors_remaining=22761 mlx_active_bytes=4386972672
    layer 9 down_proj: experts 0...15
    layer 9 down_proj: experts 16...31
    layer 9 down_proj: experts 32...47
    layer 9 down_proj: experts 48...63
    layer 9 down_proj: experts 64...79
    layer 9 down_proj: experts 80...95
    layer 9 down_proj: experts 96...111
    layer 9 down_proj: experts 112...127
    layer 9 down_proj: experts 128...143
    layer 9 down_proj: experts 144...159
    layer 9 down_proj: experts 160...175
    layer 9 down_proj: experts 176...191
    layer 9 down_proj: experts 192...207
    layer 9 down_proj: experts 208...223
    layer 9 down_proj: experts 224...239
    layer 9 down_proj: experts 240...255
  [118/438] language_model.model.layers.9.mlp.switch_mlp.down_proj source_tensors_remaining=22505 mlx_active_bytes=4529579008
    layer 9 gate_proj: experts 0...15
    layer 9 gate_proj: experts 16...31
    layer 9 gate_proj: experts 32...47
    layer 9 gate_proj: experts 48...63
    layer 9 gate_proj: experts 64...79
    layer 9 gate_proj: experts 80...95
    layer 9 gate_proj: experts 96...111
    layer 9 gate_proj: experts 112...127
    layer 9 gate_proj: experts 128...143
    layer 9 gate_proj: experts 144...159
    layer 9 gate_proj: experts 160...175
    layer 9 gate_proj: experts 176...191
    layer 9 gate_proj: experts 192...207
    layer 9 gate_proj: experts 208...223
    layer 9 gate_proj: experts 224...239
    layer 9 gate_proj: experts 240...255
  [119/438] language_model.model.layers.9.mlp.switch_mlp.gate_proj source_tensors_remaining=22249 mlx_active_bytes=4672185344
    layer 9 up_proj: experts 0...15
    layer 9 up_proj: experts 16...31
    layer 9 up_proj: experts 32...47
    layer 9 up_proj: experts 48...63
    layer 9 up_proj: experts 64...79
    layer 9 up_proj: experts 80...95
    layer 9 up_proj: experts 96...111
    layer 9 up_proj: experts 112...127
    layer 9 up_proj: experts 128...143
    layer 9 up_proj: experts 144...159
    layer 9 up_proj: experts 160...175
    layer 9 up_proj: experts 176...191
    layer 9 up_proj: experts 192...207
    layer 9 up_proj: experts 208...223
    layer 9 up_proj: experts 224...239
    layer 9 up_proj: experts 240...255
  [120/438] language_model.model.layers.9.mlp.switch_mlp.up_proj source_tensors_remaining=21993 mlx_active_bytes=4814791680
  [121/438] language_model.model.layers.9.self_attn.g_proj source_tensors_remaining=21992 mlx_active_bytes=4814861312
  [122/438] language_model.model.layers.9.self_attn.k_proj source_tensors_remaining=21991 mlx_active_bytes=4815975424
  [123/438] language_model.model.layers.9.self_attn.o_proj source_tensors_remaining=21990 mlx_active_bytes=4824888320
  [124/438] language_model.model.layers.9.self_attn.q_proj source_tensors_remaining=21989 mlx_active_bytes=4833801216
  [125/438] language_model.model.layers.9.self_attn.v_proj source_tensors_remaining=21988 mlx_active_bytes=4834915328
[shard 2/4] model-00002-of-00004.safetensors: 122 Q4 module(s)
  [126/438] language_model.model.layers.11.mlp.shared_expert.down_proj source_tensors_remaining=21987 mlx_active_bytes=557056
  [127/438] language_model.model.layers.11.mlp.shared_expert.gate_proj source_tensors_remaining=21986 mlx_active_bytes=1114112
  [128/438] language_model.model.layers.11.mlp.shared_expert.up_proj source_tensors_remaining=21985 mlx_active_bytes=1671168
    layer 11 down_proj: experts 0...15
    layer 11 down_proj: experts 16...31
    layer 11 down_proj: experts 32...47
    layer 11 down_proj: experts 48...63
    layer 11 down_proj: experts 64...79
    layer 11 down_proj: experts 80...95
    layer 11 down_proj: experts 96...111
    layer 11 down_proj: experts 112...127
    layer 11 down_proj: experts 128...143
    layer 11 down_proj: experts 144...159
    layer 11 down_proj: experts 160...175
    layer 11 down_proj: experts 176...191
    layer 11 down_proj: experts 192...207
    layer 11 down_proj: experts 208...223
    layer 11 down_proj: experts 224...239
    layer 11 down_proj: experts 240...255
  [129/438] language_model.model.layers.11.mlp.switch_mlp.down_proj source_tensors_remaining=21729 mlx_active_bytes=144277504
  [130/438] language_model.model.layers.12.mlp.shared_expert.down_proj source_tensors_remaining=21728 mlx_active_bytes=144834560
  [131/438] language_model.model.layers.12.mlp.shared_expert.gate_proj source_tensors_remaining=21727 mlx_active_bytes=145391616
  [132/438] language_model.model.layers.12.mlp.shared_expert.up_proj source_tensors_remaining=21726 mlx_active_bytes=145948672
    layer 12 down_proj: experts 0...15
    layer 12 down_proj: experts 16...31
    layer 12 down_proj: experts 32...47
    layer 12 down_proj: experts 48...63
    layer 12 down_proj: experts 64...79
    layer 12 down_proj: experts 80...95
    layer 12 down_proj: experts 96...111
    layer 12 down_proj: experts 112...127
    layer 12 down_proj: experts 128...143
    layer 12 down_proj: experts 144...159
    layer 12 down_proj: experts 160...175
    layer 12 down_proj: experts 176...191
    layer 12 down_proj: experts 192...207
    layer 12 down_proj: experts 208...223
    layer 12 down_proj: experts 224...239
    layer 12 down_proj: experts 240...255
  [133/438] language_model.model.layers.12.mlp.switch_mlp.down_proj source_tensors_remaining=21470 mlx_active_bytes=288555008
    layer 12 gate_proj: experts 0...15
    layer 12 gate_proj: experts 16...31
    layer 12 gate_proj: experts 32...47
    layer 12 gate_proj: experts 48...63
    layer 12 gate_proj: experts 64...79
    layer 12 gate_proj: experts 80...95
    layer 12 gate_proj: experts 96...111
    layer 12 gate_proj: experts 112...127
    layer 12 gate_proj: experts 128...143
    layer 12 gate_proj: experts 144...159
    layer 12 gate_proj: experts 160...175
    layer 12 gate_proj: experts 176...191
    layer 12 gate_proj: experts 192...207
    layer 12 gate_proj: experts 208...223
    layer 12 gate_proj: experts 224...239
    layer 12 gate_proj: experts 240...255
  [134/438] language_model.model.layers.12.mlp.switch_mlp.gate_proj source_tensors_remaining=21214 mlx_active_bytes=431161344
    layer 12 up_proj: experts 0...15
    layer 12 up_proj: experts 16...31
    layer 12 up_proj: experts 32...47
    layer 12 up_proj: experts 48...63
    layer 12 up_proj: experts 64...79
    layer 12 up_proj: experts 80...95
    layer 12 up_proj: experts 96...111
    layer 12 up_proj: experts 112...127
    layer 12 up_proj: experts 128...143
    layer 12 up_proj: experts 144...159
    layer 12 up_proj: experts 160...175
    layer 12 up_proj: experts 176...191
    layer 12 up_proj: experts 192...207
    layer 12 up_proj: experts 208...223
    layer 12 up_proj: experts 224...239
    layer 12 up_proj: experts 240...255
  [135/438] language_model.model.layers.12.mlp.switch_mlp.up_proj source_tensors_remaining=20958 mlx_active_bytes=573767680
  [136/438] language_model.model.layers.12.self_attn.g_proj source_tensors_remaining=20957 mlx_active_bytes=573819904
  [137/438] language_model.model.layers.12.self_attn.k_proj source_tensors_remaining=20956 mlx_active_bytes=574934016
  [138/438] language_model.model.layers.12.self_attn.o_proj source_tensors_remaining=20955 mlx_active_bytes=581618688
  [139/438] language_model.model.layers.12.self_attn.q_proj source_tensors_remaining=20954 mlx_active_bytes=588303360
  [140/438] language_model.model.layers.12.self_attn.v_proj source_tensors_remaining=20953 mlx_active_bytes=589417472
  [141/438] language_model.model.layers.13.mlp.shared_expert.down_proj source_tensors_remaining=20952 mlx_active_bytes=589974528
  [142/438] language_model.model.layers.13.mlp.shared_expert.gate_proj source_tensors_remaining=20951 mlx_active_bytes=590531584
  [143/438] language_model.model.layers.13.mlp.shared_expert.up_proj source_tensors_remaining=20950 mlx_active_bytes=591088640
    layer 13 down_proj: experts 0...15
    layer 13 down_proj: experts 16...31
    layer 13 down_proj: experts 32...47
    layer 13 down_proj: experts 48...63
    layer 13 down_proj: experts 64...79
    layer 13 down_proj: experts 80...95
    layer 13 down_proj: experts 96...111
    layer 13 down_proj: experts 112...127
    layer 13 down_proj: experts 128...143
    layer 13 down_proj: experts 144...159
    layer 13 down_proj: experts 160...175
    layer 13 down_proj: experts 176...191
    layer 13 down_proj: experts 192...207
    layer 13 down_proj: experts 208...223
    layer 13 down_proj: experts 224...239
    layer 13 down_proj: experts 240...255
  [144/438] language_model.model.layers.13.mlp.switch_mlp.down_proj source_tensors_remaining=20694 mlx_active_bytes=733694976
    layer 13 gate_proj: experts 0...15
    layer 13 gate_proj: experts 16...31
    layer 13 gate_proj: experts 32...47
    layer 13 gate_proj: experts 48...63
    layer 13 gate_proj: experts 64...79
    layer 13 gate_proj: experts 80...95
    layer 13 gate_proj: experts 96...111
    layer 13 gate_proj: experts 112...127
    layer 13 gate_proj: experts 128...143
    layer 13 gate_proj: experts 144...159
    layer 13 gate_proj: experts 160...175
    layer 13 gate_proj: experts 176...191
    layer 13 gate_proj: experts 192...207
    layer 13 gate_proj: experts 208...223
    layer 13 gate_proj: experts 224...239
    layer 13 gate_proj: experts 240...255
  [145/438] language_model.model.layers.13.mlp.switch_mlp.gate_proj source_tensors_remaining=20438 mlx_active_bytes=876301312
    layer 13 up_proj: experts 0...15
    layer 13 up_proj: experts 16...31
    layer 13 up_proj: experts 32...47
    layer 13 up_proj: experts 48...63
    layer 13 up_proj: experts 64...79
    layer 13 up_proj: experts 80...95
    layer 13 up_proj: experts 96...111
    layer 13 up_proj: experts 112...127
    layer 13 up_proj: experts 128...143
    layer 13 up_proj: experts 144...159
    layer 13 up_proj: experts 160...175
    layer 13 up_proj: experts 176...191
    layer 13 up_proj: experts 192...207
    layer 13 up_proj: experts 208...223
    layer 13 up_proj: experts 224...239
    layer 13 up_proj: experts 240...255
  [146/438] language_model.model.layers.13.mlp.switch_mlp.up_proj source_tensors_remaining=20182 mlx_active_bytes=1018907648
  [147/438] language_model.model.layers.13.self_attn.g_proj source_tensors_remaining=20181 mlx_active_bytes=1018977280
  [148/438] language_model.model.layers.13.self_attn.k_proj source_tensors_remaining=20180 mlx_active_bytes=1020091392
  [149/438] language_model.model.layers.13.self_attn.o_proj source_tensors_remaining=20179 mlx_active_bytes=1029004288
  [150/438] language_model.model.layers.13.self_attn.q_proj source_tensors_remaining=20178 mlx_active_bytes=1037917184
  [151/438] language_model.model.layers.13.self_attn.v_proj source_tensors_remaining=20177 mlx_active_bytes=1039031296
  [152/438] language_model.model.layers.14.mlp.shared_expert.down_proj source_tensors_remaining=20176 mlx_active_bytes=1039588352
  [153/438] language_model.model.layers.14.mlp.shared_expert.gate_proj source_tensors_remaining=20175 mlx_active_bytes=1040145408
  [154/438] language_model.model.layers.14.mlp.shared_expert.up_proj source_tensors_remaining=20174 mlx_active_bytes=1040702464
    layer 14 down_proj: experts 0...15
    layer 14 down_proj: experts 16...31
    layer 14 down_proj: experts 32...47
    layer 14 down_proj: experts 48...63
    layer 14 down_proj: experts 64...79
    layer 14 down_proj: experts 80...95
    layer 14 down_proj: experts 96...111
    layer 14 down_proj: experts 112...127
    layer 14 down_proj: experts 128...143
    layer 14 down_proj: experts 144...159
    layer 14 down_proj: experts 160...175
    layer 14 down_proj: experts 176...191
    layer 14 down_proj: experts 192...207
    layer 14 down_proj: experts 208...223
    layer 14 down_proj: experts 224...239
    layer 14 down_proj: experts 240...255
  [155/438] language_model.model.layers.14.mlp.switch_mlp.down_proj source_tensors_remaining=19918 mlx_active_bytes=1183308800
    layer 14 gate_proj: experts 0...15
    layer 14 gate_proj: experts 16...31
    layer 14 gate_proj: experts 32...47
    layer 14 gate_proj: experts 48...63
    layer 14 gate_proj: experts 64...79
    layer 14 gate_proj: experts 80...95
    layer 14 gate_proj: experts 96...111
    layer 14 gate_proj: experts 112...127
    layer 14 gate_proj: experts 128...143
    layer 14 gate_proj: experts 144...159
    layer 14 gate_proj: experts 160...175
    layer 14 gate_proj: experts 176...191
    layer 14 gate_proj: experts 192...207
    layer 14 gate_proj: experts 208...223
    layer 14 gate_proj: experts 224...239
    layer 14 gate_proj: experts 240...255
  [156/438] language_model.model.layers.14.mlp.switch_mlp.gate_proj source_tensors_remaining=19662 mlx_active_bytes=1325915136
    layer 14 up_proj: experts 0...15
    layer 14 up_proj: experts 16...31
    layer 14 up_proj: experts 32...47
    layer 14 up_proj: experts 48...63
    layer 14 up_proj: experts 64...79
    layer 14 up_proj: experts 80...95
    layer 14 up_proj: experts 96...111
    layer 14 up_proj: experts 112...127
    layer 14 up_proj: experts 128...143
    layer 14 up_proj: experts 144...159
    layer 14 up_proj: experts 160...175
    layer 14 up_proj: experts 176...191
    layer 14 up_proj: experts 192...207
    layer 14 up_proj: experts 208...223
    layer 14 up_proj: experts 224...239
    layer 14 up_proj: experts 240...255
  [157/438] language_model.model.layers.14.mlp.switch_mlp.up_proj source_tensors_remaining=19406 mlx_active_bytes=1468521472
  [158/438] language_model.model.layers.14.self_attn.g_proj source_tensors_remaining=19405 mlx_active_bytes=1468591104
  [159/438] language_model.model.layers.14.self_attn.k_proj source_tensors_remaining=19404 mlx_active_bytes=1469705216
  [160/438] language_model.model.layers.14.self_attn.o_proj source_tensors_remaining=19403 mlx_active_bytes=1478618112
  [161/438] language_model.model.layers.14.self_attn.q_proj source_tensors_remaining=19402 mlx_active_bytes=1487531008
  [162/438] language_model.model.layers.14.self_attn.v_proj source_tensors_remaining=19401 mlx_active_bytes=1488645120
  [163/438] language_model.model.layers.15.mlp.shared_expert.down_proj source_tensors_remaining=19400 mlx_active_bytes=1489202176
  [164/438] language_model.model.layers.15.mlp.shared_expert.gate_proj source_tensors_remaining=19399 mlx_active_bytes=1489759232
  [165/438] language_model.model.layers.15.mlp.shared_expert.up_proj source_tensors_remaining=19398 mlx_active_bytes=1490316288
    layer 15 down_proj: experts 0...15
    layer 15 down_proj: experts 16...31
    layer 15 down_proj: experts 32...47
    layer 15 down_proj: experts 48...63
    layer 15 down_proj: experts 64...79
    layer 15 down_proj: experts 80...95
    layer 15 down_proj: experts 96...111
    layer 15 down_proj: experts 112...127
    layer 15 down_proj: experts 128...143
    layer 15 down_proj: experts 144...159
    layer 15 down_proj: experts 160...175
    layer 15 down_proj: experts 176...191
    layer 15 down_proj: experts 192...207
    layer 15 down_proj: experts 208...223
    layer 15 down_proj: experts 224...239
    layer 15 down_proj: experts 240...255
  [166/438] language_model.model.layers.15.mlp.switch_mlp.down_proj source_tensors_remaining=19142 mlx_active_bytes=1632922624
    layer 15 gate_proj: experts 0...15
    layer 15 gate_proj: experts 16...31
    layer 15 gate_proj: experts 32...47
    layer 15 gate_proj: experts 48...63
    layer 15 gate_proj: experts 64...79
    layer 15 gate_proj: experts 80...95
    layer 15 gate_proj: experts 96...111
    layer 15 gate_proj: experts 112...127
    layer 15 gate_proj: experts 128...143
    layer 15 gate_proj: experts 144...159
    layer 15 gate_proj: experts 160...175
    layer 15 gate_proj: experts 176...191
    layer 15 gate_proj: experts 192...207
    layer 15 gate_proj: experts 208...223
    layer 15 gate_proj: experts 224...239
    layer 15 gate_proj: experts 240...255
  [167/438] language_model.model.layers.15.mlp.switch_mlp.gate_proj source_tensors_remaining=18886 mlx_active_bytes=1775528960
    layer 15 up_proj: experts 0...15
    layer 15 up_proj: experts 16...31
    layer 15 up_proj: experts 32...47
    layer 15 up_proj: experts 48...63
    layer 15 up_proj: experts 64...79
    layer 15 up_proj: experts 80...95
    layer 15 up_proj: experts 96...111
    layer 15 up_proj: experts 112...127
    layer 15 up_proj: experts 128...143
    layer 15 up_proj: experts 144...159
    layer 15 up_proj: experts 160...175
    layer 15 up_proj: experts 176...191
    layer 15 up_proj: experts 192...207
    layer 15 up_proj: experts 208...223
    layer 15 up_proj: experts 224...239
    layer 15 up_proj: experts 240...255
  [168/438] language_model.model.layers.15.mlp.switch_mlp.up_proj source_tensors_remaining=18630 mlx_active_bytes=1918135296
  [169/438] language_model.model.layers.15.self_attn.g_proj source_tensors_remaining=18629 mlx_active_bytes=1918204928
  [170/438] language_model.model.layers.15.self_attn.k_proj source_tensors_remaining=18628 mlx_active_bytes=1919319040
  [171/438] language_model.model.layers.15.self_attn.o_proj source_tensors_remaining=18627 mlx_active_bytes=1928231936
  [172/438] language_model.model.layers.15.self_attn.q_proj source_tensors_remaining=18626 mlx_active_bytes=1937144832
  [173/438] language_model.model.layers.15.self_attn.v_proj source_tensors_remaining=18625 mlx_active_bytes=1938258944
  [174/438] language_model.model.layers.16.mlp.shared_expert.down_proj source_tensors_remaining=18624 mlx_active_bytes=1938816000
  [175/438] language_model.model.layers.16.mlp.shared_expert.gate_proj source_tensors_remaining=18623 mlx_active_bytes=1939373056
  [176/438] language_model.model.layers.16.mlp.shared_expert.up_proj source_tensors_remaining=18622 mlx_active_bytes=1939930112
    layer 16 down_proj: experts 0...15
    layer 16 down_proj: experts 16...31
    layer 16 down_proj: experts 32...47
    layer 16 down_proj: experts 48...63
    layer 16 down_proj: experts 64...79
    layer 16 down_proj: experts 80...95
    layer 16 down_proj: experts 96...111
    layer 16 down_proj: experts 112...127
    layer 16 down_proj: experts 128...143
    layer 16 down_proj: experts 144...159
    layer 16 down_proj: experts 160...175
    layer 16 down_proj: experts 176...191
    layer 16 down_proj: experts 192...207
    layer 16 down_proj: experts 208...223
    layer 16 down_proj: experts 224...239
    layer 16 down_proj: experts 240...255
  [177/438] language_model.model.layers.16.mlp.switch_mlp.down_proj source_tensors_remaining=18366 mlx_active_bytes=2082536448
    layer 16 gate_proj: experts 0...15
    layer 16 gate_proj: experts 16...31
    layer 16 gate_proj: experts 32...47
    layer 16 gate_proj: experts 48...63
    layer 16 gate_proj: experts 64...79
    layer 16 gate_proj: experts 80...95
    layer 16 gate_proj: experts 96...111
    layer 16 gate_proj: experts 112...127
    layer 16 gate_proj: experts 128...143
    layer 16 gate_proj: experts 144...159
    layer 16 gate_proj: experts 160...175
    layer 16 gate_proj: experts 176...191
    layer 16 gate_proj: experts 192...207
    layer 16 gate_proj: experts 208...223
    layer 16 gate_proj: experts 224...239
    layer 16 gate_proj: experts 240...255
  [178/438] language_model.model.layers.16.mlp.switch_mlp.gate_proj source_tensors_remaining=18110 mlx_active_bytes=2225142784
    layer 16 up_proj: experts 0...15
    layer 16 up_proj: experts 16...31
    layer 16 up_proj: experts 32...47
    layer 16 up_proj: experts 48...63
    layer 16 up_proj: experts 64...79
    layer 16 up_proj: experts 80...95
    layer 16 up_proj: experts 96...111
    layer 16 up_proj: experts 112...127
    layer 16 up_proj: experts 128...143
    layer 16 up_proj: experts 144...159
    layer 16 up_proj: experts 160...175
    layer 16 up_proj: experts 176...191
    layer 16 up_proj: experts 192...207
    layer 16 up_proj: experts 208...223
    layer 16 up_proj: experts 224...239
    layer 16 up_proj: experts 240...255
  [179/438] language_model.model.layers.16.mlp.switch_mlp.up_proj source_tensors_remaining=17854 mlx_active_bytes=2367749120
  [180/438] language_model.model.layers.16.self_attn.g_proj source_tensors_remaining=17853 mlx_active_bytes=2367801344
  [181/438] language_model.model.layers.16.self_attn.k_proj source_tensors_remaining=17852 mlx_active_bytes=2368915456
  [182/438] language_model.model.layers.16.self_attn.o_proj source_tensors_remaining=17851 mlx_active_bytes=2375600128
  [183/438] language_model.model.layers.16.self_attn.q_proj source_tensors_remaining=17850 mlx_active_bytes=2382284800
  [184/438] language_model.model.layers.16.self_attn.v_proj source_tensors_remaining=17849 mlx_active_bytes=2383398912
  [185/438] language_model.model.layers.17.mlp.shared_expert.down_proj source_tensors_remaining=17848 mlx_active_bytes=2383955968
  [186/438] language_model.model.layers.17.mlp.shared_expert.gate_proj source_tensors_remaining=17847 mlx_active_bytes=2384513024
  [187/438] language_model.model.layers.17.mlp.shared_expert.up_proj source_tensors_remaining=17846 mlx_active_bytes=2385070080
    layer 17 down_proj: experts 0...15
    layer 17 down_proj: experts 16...31
    layer 17 down_proj: experts 32...47
    layer 17 down_proj: experts 48...63
    layer 17 down_proj: experts 64...79
    layer 17 down_proj: experts 80...95
    layer 17 down_proj: experts 96...111
    layer 17 down_proj: experts 112...127
    layer 17 down_proj: experts 128...143
    layer 17 down_proj: experts 144...159
    layer 17 down_proj: experts 160...175
    layer 17 down_proj: experts 176...191
    layer 17 down_proj: experts 192...207
    layer 17 down_proj: experts 208...223
    layer 17 down_proj: experts 224...239
    layer 17 down_proj: experts 240...255
  [188/438] language_model.model.layers.17.mlp.switch_mlp.down_proj source_tensors_remaining=17590 mlx_active_bytes=2527676416
    layer 17 gate_proj: experts 0...15
    layer 17 gate_proj: experts 16...31
    layer 17 gate_proj: experts 32...47
    layer 17 gate_proj: experts 48...63
    layer 17 gate_proj: experts 64...79
    layer 17 gate_proj: experts 80...95
    layer 17 gate_proj: experts 96...111
    layer 17 gate_proj: experts 112...127
    layer 17 gate_proj: experts 128...143
    layer 17 gate_proj: experts 144...159
    layer 17 gate_proj: experts 160...175
    layer 17 gate_proj: experts 176...191
    layer 17 gate_proj: experts 192...207
    layer 17 gate_proj: experts 208...223
    layer 17 gate_proj: experts 224...239
    layer 17 gate_proj: experts 240...255
  [189/438] language_model.model.layers.17.mlp.switch_mlp.gate_proj source_tensors_remaining=17334 mlx_active_bytes=2670282752
    layer 17 up_proj: experts 0...15
    layer 17 up_proj: experts 16...31
    layer 17 up_proj: experts 32...47
    layer 17 up_proj: experts 48...63
    layer 17 up_proj: experts 64...79
    layer 17 up_proj: experts 80...95
    layer 17 up_proj: experts 96...111
    layer 17 up_proj: experts 112...127
    layer 17 up_proj: experts 128...143
    layer 17 up_proj: experts 144...159
    layer 17 up_proj: experts 160...175
    layer 17 up_proj: experts 176...191
    layer 17 up_proj: experts 192...207
    layer 17 up_proj: experts 208...223
    layer 17 up_proj: experts 224...239
    layer 17 up_proj: experts 240...255
  [190/438] language_model.model.layers.17.mlp.switch_mlp.up_proj source_tensors_remaining=17078 mlx_active_bytes=2812889088
  [191/438] language_model.model.layers.17.self_attn.g_proj source_tensors_remaining=17077 mlx_active_bytes=2812958720
  [192/438] language_model.model.layers.17.self_attn.k_proj source_tensors_remaining=17076 mlx_active_bytes=2814072832
  [193/438] language_model.model.layers.17.self_attn.o_proj source_tensors_remaining=17075 mlx_active_bytes=2822985728
  [194/438] language_model.model.layers.17.self_attn.q_proj source_tensors_remaining=17074 mlx_active_bytes=2831898624
  [195/438] language_model.model.layers.17.self_attn.v_proj source_tensors_remaining=17073 mlx_active_bytes=2833012736
  [196/438] language_model.model.layers.18.mlp.shared_expert.down_proj source_tensors_remaining=17072 mlx_active_bytes=2833569792
  [197/438] language_model.model.layers.18.mlp.shared_expert.gate_proj source_tensors_remaining=17071 mlx_active_bytes=2834126848
  [198/438] language_model.model.layers.18.mlp.shared_expert.up_proj source_tensors_remaining=17070 mlx_active_bytes=2834683904
    layer 18 down_proj: experts 0...15
    layer 18 down_proj: experts 16...31
    layer 18 down_proj: experts 32...47
    layer 18 down_proj: experts 48...63
    layer 18 down_proj: experts 64...79
    layer 18 down_proj: experts 80...95
    layer 18 down_proj: experts 96...111
    layer 18 down_proj: experts 112...127
    layer 18 down_proj: experts 128...143
    layer 18 down_proj: experts 144...159
    layer 18 down_proj: experts 160...175
    layer 18 down_proj: experts 176...191
    layer 18 down_proj: experts 192...207
    layer 18 down_proj: experts 208...223
    layer 18 down_proj: experts 224...239
    layer 18 down_proj: experts 240...255
  [199/438] language_model.model.layers.18.mlp.switch_mlp.down_proj source_tensors_remaining=16814 mlx_active_bytes=2977290240
    layer 18 gate_proj: experts 0...15
    layer 18 gate_proj: experts 16...31
    layer 18 gate_proj: experts 32...47
    layer 18 gate_proj: experts 48...63
    layer 18 gate_proj: experts 64...79
    layer 18 gate_proj: experts 80...95
    layer 18 gate_proj: experts 96...111
    layer 18 gate_proj: experts 112...127
    layer 18 gate_proj: experts 128...143
    layer 18 gate_proj: experts 144...159
    layer 18 gate_proj: experts 160...175
    layer 18 gate_proj: experts 176...191
    layer 18 gate_proj: experts 192...207
    layer 18 gate_proj: experts 208...223
    layer 18 gate_proj: experts 224...239
    layer 18 gate_proj: experts 240...255
  [200/438] language_model.model.layers.18.mlp.switch_mlp.gate_proj source_tensors_remaining=16558 mlx_active_bytes=3119896576
    layer 18 up_proj: experts 0...15
    layer 18 up_proj: experts 16...31
    layer 18 up_proj: experts 32...47
    layer 18 up_proj: experts 48...63
    layer 18 up_proj: experts 64...79
    layer 18 up_proj: experts 80...95
    layer 18 up_proj: experts 96...111
    layer 18 up_proj: experts 112...127
    layer 18 up_proj: experts 128...143
    layer 18 up_proj: experts 144...159
    layer 18 up_proj: experts 160...175
    layer 18 up_proj: experts 176...191
    layer 18 up_proj: experts 192...207
    layer 18 up_proj: experts 208...223
    layer 18 up_proj: experts 224...239
    layer 18 up_proj: experts 240...255
  [201/438] language_model.model.layers.18.mlp.switch_mlp.up_proj source_tensors_remaining=16302 mlx_active_bytes=3262502912
  [202/438] language_model.model.layers.18.self_attn.g_proj source_tensors_remaining=16301 mlx_active_bytes=3262572544
  [203/438] language_model.model.layers.18.self_attn.k_proj source_tensors_remaining=16300 mlx_active_bytes=3263686656
  [204/438] language_model.model.layers.18.self_attn.o_proj source_tensors_remaining=16299 mlx_active_bytes=3272599552
  [205/438] language_model.model.layers.18.self_attn.q_proj source_tensors_remaining=16298 mlx_active_bytes=3281512448
  [206/438] language_model.model.layers.18.self_attn.v_proj source_tensors_remaining=16297 mlx_active_bytes=3282626560
  [207/438] language_model.model.layers.19.mlp.shared_expert.down_proj source_tensors_remaining=16296 mlx_active_bytes=3283183616
  [208/438] language_model.model.layers.19.mlp.shared_expert.gate_proj source_tensors_remaining=16295 mlx_active_bytes=3283740672
  [209/438] language_model.model.layers.19.mlp.shared_expert.up_proj source_tensors_remaining=16294 mlx_active_bytes=3284297728
    layer 19 down_proj: experts 0...15
    layer 19 down_proj: experts 16...31
    layer 19 down_proj: experts 32...47
    layer 19 down_proj: experts 48...63
    layer 19 down_proj: experts 64...79
    layer 19 down_proj: experts 80...95
    layer 19 down_proj: experts 96...111
    layer 19 down_proj: experts 112...127
    layer 19 down_proj: experts 128...143
    layer 19 down_proj: experts 144...159
    layer 19 down_proj: experts 160...175
    layer 19 down_proj: experts 176...191
    layer 19 down_proj: experts 192...207
    layer 19 down_proj: experts 208...223
    layer 19 down_proj: experts 224...239
    layer 19 down_proj: experts 240...255
  [210/438] language_model.model.layers.19.mlp.switch_mlp.down_proj source_tensors_remaining=16038 mlx_active_bytes=3426904064
    layer 19 gate_proj: experts 0...15
    layer 19 gate_proj: experts 16...31
    layer 19 gate_proj: experts 32...47
    layer 19 gate_proj: experts 48...63
    layer 19 gate_proj: experts 64...79
    layer 19 gate_proj: experts 80...95
    layer 19 gate_proj: experts 96...111
    layer 19 gate_proj: experts 112...127
    layer 19 gate_proj: experts 128...143
    layer 19 gate_proj: experts 144...159
    layer 19 gate_proj: experts 160...175
    layer 19 gate_proj: experts 176...191
    layer 19 gate_proj: experts 192...207
    layer 19 gate_proj: experts 208...223
    layer 19 gate_proj: experts 224...239
    layer 19 gate_proj: experts 240...255
  [211/438] language_model.model.layers.19.mlp.switch_mlp.gate_proj source_tensors_remaining=15782 mlx_active_bytes=3569510400
    layer 19 up_proj: experts 0...15
    layer 19 up_proj: experts 16...31
    layer 19 up_proj: experts 32...47
    layer 19 up_proj: experts 48...63
    layer 19 up_proj: experts 64...79
    layer 19 up_proj: experts 80...95
    layer 19 up_proj: experts 96...111
    layer 19 up_proj: experts 112...127
    layer 19 up_proj: experts 128...143
    layer 19 up_proj: experts 144...159
    layer 19 up_proj: experts 160...175
    layer 19 up_proj: experts 176...191
    layer 19 up_proj: experts 192...207
    layer 19 up_proj: experts 208...223
    layer 19 up_proj: experts 224...239
    layer 19 up_proj: experts 240...255
  [212/438] language_model.model.layers.19.mlp.switch_mlp.up_proj source_tensors_remaining=15526 mlx_active_bytes=3712116736
  [213/438] language_model.model.layers.19.self_attn.g_proj source_tensors_remaining=15525 mlx_active_bytes=3712186368
  [214/438] language_model.model.layers.19.self_attn.k_proj source_tensors_remaining=15524 mlx_active_bytes=3713300480
  [215/438] language_model.model.layers.19.self_attn.o_proj source_tensors_remaining=15523 mlx_active_bytes=3722213376
  [216/438] language_model.model.layers.19.self_attn.q_proj source_tensors_remaining=15522 mlx_active_bytes=3731126272
  [217/438] language_model.model.layers.19.self_attn.v_proj source_tensors_remaining=15521 mlx_active_bytes=3732240384
  [218/438] language_model.model.layers.20.mlp.shared_expert.down_proj source_tensors_remaining=15520 mlx_active_bytes=3732797440
  [219/438] language_model.model.layers.20.mlp.shared_expert.gate_proj source_tensors_remaining=15519 mlx_active_bytes=3733354496
  [220/438] language_model.model.layers.20.mlp.shared_expert.up_proj source_tensors_remaining=15518 mlx_active_bytes=3733911552
    layer 20 down_proj: experts 0...15
    layer 20 down_proj: experts 16...31
    layer 20 down_proj: experts 32...47
    layer 20 down_proj: experts 48...63
    layer 20 down_proj: experts 64...79
    layer 20 down_proj: experts 80...95
    layer 20 down_proj: experts 96...111
    layer 20 down_proj: experts 112...127
    layer 20 down_proj: experts 128...143
    layer 20 down_proj: experts 144...159
    layer 20 down_proj: experts 160...175
    layer 20 down_proj: experts 176...191
    layer 20 down_proj: experts 192...207
    layer 20 down_proj: experts 208...223
    layer 20 down_proj: experts 224...239
    layer 20 down_proj: experts 240...255
  [221/438] language_model.model.layers.20.mlp.switch_mlp.down_proj source_tensors_remaining=15262 mlx_active_bytes=3876517888
    layer 20 gate_proj: experts 0...15
    layer 20 gate_proj: experts 16...31
    layer 20 gate_proj: experts 32...47
    layer 20 gate_proj: experts 48...63
    layer 20 gate_proj: experts 64...79
    layer 20 gate_proj: experts 80...95
    layer 20 gate_proj: experts 96...111
    layer 20 gate_proj: experts 112...127
    layer 20 gate_proj: experts 128...143
    layer 20 gate_proj: experts 144...159
    layer 20 gate_proj: experts 160...175
    layer 20 gate_proj: experts 176...191
    layer 20 gate_proj: experts 192...207
    layer 20 gate_proj: experts 208...223
    layer 20 gate_proj: experts 224...239
    layer 20 gate_proj: experts 240...255
  [222/438] language_model.model.layers.20.mlp.switch_mlp.gate_proj source_tensors_remaining=15006 mlx_active_bytes=4019124224
    layer 20 up_proj: experts 0...15
    layer 20 up_proj: experts 16...31
    layer 20 up_proj: experts 32...47
    layer 20 up_proj: experts 48...63
    layer 20 up_proj: experts 64...79
    layer 20 up_proj: experts 80...95
    layer 20 up_proj: experts 96...111
    layer 20 up_proj: experts 112...127
    layer 20 up_proj: experts 128...143
    layer 20 up_proj: experts 144...159
    layer 20 up_proj: experts 160...175
    layer 20 up_proj: experts 176...191
    layer 20 up_proj: experts 192...207
    layer 20 up_proj: experts 208...223
    layer 20 up_proj: experts 224...239
    layer 20 up_proj: experts 240...255
  [223/438] language_model.model.layers.20.mlp.switch_mlp.up_proj source_tensors_remaining=14750 mlx_active_bytes=4161730560
  [224/438] language_model.model.layers.20.self_attn.g_proj source_tensors_remaining=14749 mlx_active_bytes=4161782784
  [225/438] language_model.model.layers.20.self_attn.k_proj source_tensors_remaining=14748 mlx_active_bytes=4162896896
  [226/438] language_model.model.layers.20.self_attn.o_proj source_tensors_remaining=14747 mlx_active_bytes=4169581568
  [227/438] language_model.model.layers.20.self_attn.q_proj source_tensors_remaining=14746 mlx_active_bytes=4176266240
  [228/438] language_model.model.layers.20.self_attn.v_proj source_tensors_remaining=14745 mlx_active_bytes=4177380352
  [229/438] language_model.model.layers.21.mlp.shared_expert.down_proj source_tensors_remaining=14744 mlx_active_bytes=4177937408
  [230/438] language_model.model.layers.21.mlp.shared_expert.gate_proj source_tensors_remaining=14743 mlx_active_bytes=4178494464
  [231/438] language_model.model.layers.21.mlp.shared_expert.up_proj source_tensors_remaining=14742 mlx_active_bytes=4179051520
    layer 21 down_proj: experts 0...15
    layer 21 down_proj: experts 16...31
    layer 21 down_proj: experts 32...47
    layer 21 down_proj: experts 48...63
    layer 21 down_proj: experts 64...79
    layer 21 down_proj: experts 80...95
    layer 21 down_proj: experts 96...111
    layer 21 down_proj: experts 112...127
    layer 21 down_proj: experts 128...143
    layer 21 down_proj: experts 144...159
    layer 21 down_proj: experts 160...175
    layer 21 down_proj: experts 176...191
    layer 21 down_proj: experts 192...207
    layer 21 down_proj: experts 208...223
    layer 21 down_proj: experts 224...239
    layer 21 down_proj: experts 240...255
  [232/438] language_model.model.layers.21.mlp.switch_mlp.down_proj source_tensors_remaining=14486 mlx_active_bytes=4321657856
    layer 21 gate_proj: experts 0...15
    layer 21 gate_proj: experts 16...31
    layer 21 gate_proj: experts 32...47
    layer 21 gate_proj: experts 48...63
    layer 21 gate_proj: experts 64...79
    layer 21 gate_proj: experts 80...95
    layer 21 gate_proj: experts 96...111
    layer 21 gate_proj: experts 112...127
    layer 21 gate_proj: experts 128...143
    layer 21 gate_proj: experts 144...159
    layer 21 gate_proj: experts 160...175
    layer 21 gate_proj: experts 176...191
    layer 21 gate_proj: experts 192...207
    layer 21 gate_proj: experts 208...223
    layer 21 gate_proj: experts 224...239
    layer 21 gate_proj: experts 240...255
  [233/438] language_model.model.layers.21.mlp.switch_mlp.gate_proj source_tensors_remaining=14230 mlx_active_bytes=4464264192
    layer 21 up_proj: experts 0...15
    layer 21 up_proj: experts 16...31
    layer 21 up_proj: experts 32...47
    layer 21 up_proj: experts 48...63
    layer 21 up_proj: experts 64...79
    layer 21 up_proj: experts 80...95
    layer 21 up_proj: experts 96...111
    layer 21 up_proj: experts 112...127
    layer 21 up_proj: experts 128...143
    layer 21 up_proj: experts 144...159
    layer 21 up_proj: experts 160...175
    layer 21 up_proj: experts 176...191
    layer 21 up_proj: experts 192...207
    layer 21 up_proj: experts 208...223
    layer 21 up_proj: experts 224...239
    layer 21 up_proj: experts 240...255
  [234/438] language_model.model.layers.21.mlp.switch_mlp.up_proj source_tensors_remaining=13974 mlx_active_bytes=4606870528
  [235/438] language_model.model.layers.21.self_attn.g_proj source_tensors_remaining=13973 mlx_active_bytes=4606940160
  [236/438] language_model.model.layers.21.self_attn.k_proj source_tensors_remaining=13972 mlx_active_bytes=4608054272
  [237/438] language_model.model.layers.21.self_attn.o_proj source_tensors_remaining=13971 mlx_active_bytes=4616967168
  [238/438] language_model.model.layers.21.self_attn.q_proj source_tensors_remaining=13970 mlx_active_bytes=4625880064
  [239/438] language_model.model.layers.21.self_attn.v_proj source_tensors_remaining=13969 mlx_active_bytes=4626994176
    layer 22 down_proj: experts 0...15
    layer 22 down_proj: experts 16...31
    layer 22 down_proj: experts 32...47
    layer 22 down_proj: experts 48...63
    layer 22 down_proj: experts 64...79
    layer 22 down_proj: experts 80...95
    layer 22 down_proj: experts 96...111
    layer 22 down_proj: experts 112...127
    layer 22 down_proj: experts 128...143
    layer 22 down_proj: experts 144...159
    layer 22 down_proj: experts 160...175
    layer 22 down_proj: experts 176...191
    layer 22 down_proj: experts 192...207
    layer 22 down_proj: experts 208...223
    layer 22 down_proj: experts 224...239
    layer 22 down_proj: experts 240...255
  [240/438] language_model.model.layers.22.mlp.switch_mlp.down_proj source_tensors_remaining=13713 mlx_active_bytes=4769600512
    layer 22 gate_proj: experts 0...15
    layer 22 gate_proj: experts 16...31
    layer 22 gate_proj: experts 32...47
    layer 22 gate_proj: experts 48...63
    layer 22 gate_proj: experts 64...79
    layer 22 gate_proj: experts 80...95
    layer 22 gate_proj: experts 96...111
    layer 22 gate_proj: experts 112...127
    layer 22 gate_proj: experts 128...143
    layer 22 gate_proj: experts 144...159
    layer 22 gate_proj: experts 160...175
    layer 22 gate_proj: experts 176...191
    layer 22 gate_proj: experts 192...207
    layer 22 gate_proj: experts 208...223
    layer 22 gate_proj: experts 224...239
    layer 22 gate_proj: experts 240...255
  [241/438] language_model.model.layers.22.mlp.switch_mlp.gate_proj source_tensors_remaining=13457 mlx_active_bytes=4912206848
    layer 22 up_proj: experts 0...15
    layer 22 up_proj: experts 16...31
    layer 22 up_proj: experts 32...47
    layer 22 up_proj: experts 48...63
    layer 22 up_proj: experts 64...79
    layer 22 up_proj: experts 80...95
    layer 22 up_proj: experts 96...111
    layer 22 up_proj: experts 112...127
    layer 22 up_proj: experts 128...143
    layer 22 up_proj: experts 144...159
    layer 22 up_proj: experts 160...175
    layer 22 up_proj: experts 176...191
    layer 22 up_proj: experts 192...207
    layer 22 up_proj: experts 208...223
    layer 22 up_proj: experts 224...239
    layer 22 up_proj: experts 240...255
  [242/438] language_model.model.layers.22.mlp.switch_mlp.up_proj source_tensors_remaining=13201 mlx_active_bytes=5054813184
  [243/438] language_model.model.layers.22.self_attn.g_proj source_tensors_remaining=13200 mlx_active_bytes=5054882816
  [244/438] language_model.model.layers.22.self_attn.k_proj source_tensors_remaining=13199 mlx_active_bytes=5055996928
  [245/438] language_model.model.layers.22.self_attn.o_proj source_tensors_remaining=13198 mlx_active_bytes=5064909824
  [246/438] language_model.model.layers.22.self_attn.q_proj source_tensors_remaining=13197 mlx_active_bytes=5073822720
  [247/438] language_model.model.layers.22.self_attn.v_proj source_tensors_remaining=13196 mlx_active_bytes=5074936832
[shard 3/4] model-00003-of-00004.safetensors: 129 Q4 module(s)
  [248/438] language_model.model.layers.22.mlp.shared_expert.down_proj source_tensors_remaining=13195 mlx_active_bytes=8945664
  [249/438] language_model.model.layers.22.mlp.shared_expert.gate_proj source_tensors_remaining=13194 mlx_active_bytes=9502720
  [250/438] language_model.model.layers.22.mlp.shared_expert.up_proj source_tensors_remaining=13193 mlx_active_bytes=10059776
  [251/438] language_model.model.layers.23.mlp.shared_expert.down_proj source_tensors_remaining=13192 mlx_active_bytes=10616832
  [252/438] language_model.model.layers.23.mlp.shared_expert.gate_proj source_tensors_remaining=13191 mlx_active_bytes=11173888
  [253/438] language_model.model.layers.23.mlp.shared_expert.up_proj source_tensors_remaining=13190 mlx_active_bytes=11730944
    layer 23 down_proj: experts 0...15
    layer 23 down_proj: experts 16...31
    layer 23 down_proj: experts 32...47
    layer 23 down_proj: experts 48...63
    layer 23 down_proj: experts 64...79
    layer 23 down_proj: experts 80...95
    layer 23 down_proj: experts 96...111
    layer 23 down_proj: experts 112...127
    layer 23 down_proj: experts 128...143
    layer 23 down_proj: experts 144...159
    layer 23 down_proj: experts 160...175
    layer 23 down_proj: experts 176...191
    layer 23 down_proj: experts 192...207
    layer 23 down_proj: experts 208...223
    layer 23 down_proj: experts 224...239
    layer 23 down_proj: experts 240...255
  [254/438] language_model.model.layers.23.mlp.switch_mlp.down_proj source_tensors_remaining=12934 mlx_active_bytes=154337280
    layer 23 gate_proj: experts 0...15
    layer 23 gate_proj: experts 16...31
    layer 23 gate_proj: experts 32...47
    layer 23 gate_proj: experts 48...63
    layer 23 gate_proj: experts 64...79
    layer 23 gate_proj: experts 80...95
    layer 23 gate_proj: experts 96...111
    layer 23 gate_proj: experts 112...127
    layer 23 gate_proj: experts 128...143
    layer 23 gate_proj: experts 144...159
    layer 23 gate_proj: experts 160...175
    layer 23 gate_proj: experts 176...191
    layer 23 gate_proj: experts 192...207
    layer 23 gate_proj: experts 208...223
    layer 23 gate_proj: experts 224...239
    layer 23 gate_proj: experts 240...255
  [255/438] language_model.model.layers.23.mlp.switch_mlp.gate_proj source_tensors_remaining=12678 mlx_active_bytes=296943616
    layer 23 up_proj: experts 0...15
    layer 23 up_proj: experts 16...31
    layer 23 up_proj: experts 32...47
    layer 23 up_proj: experts 48...63
    layer 23 up_proj: experts 64...79
    layer 23 up_proj: experts 80...95
    layer 23 up_proj: experts 96...111
    layer 23 up_proj: experts 112...127
    layer 23 up_proj: experts 128...143
    layer 23 up_proj: experts 144...159
    layer 23 up_proj: experts 160...175
    layer 23 up_proj: experts 176...191
    layer 23 up_proj: experts 192...207
    layer 23 up_proj: experts 208...223
    layer 23 up_proj: experts 224...239
    layer 23 up_proj: experts 240...255
  [256/438] language_model.model.layers.23.mlp.switch_mlp.up_proj source_tensors_remaining=12422 mlx_active_bytes=439549952
  [257/438] language_model.model.layers.23.self_attn.g_proj source_tensors_remaining=12421 mlx_active_bytes=439619584
  [258/438] language_model.model.layers.23.self_attn.k_proj source_tensors_remaining=12420 mlx_active_bytes=440733696
  [259/438] language_model.model.layers.23.self_attn.o_proj source_tensors_remaining=12419 mlx_active_bytes=449646592
  [260/438] language_model.model.layers.23.self_attn.q_proj source_tensors_remaining=12418 mlx_active_bytes=458559488
  [261/438] language_model.model.layers.23.self_attn.v_proj source_tensors_remaining=12417 mlx_active_bytes=459673600
  [262/438] language_model.model.layers.24.mlp.shared_expert.down_proj source_tensors_remaining=12416 mlx_active_bytes=460230656
  [263/438] language_model.model.layers.24.mlp.shared_expert.gate_proj source_tensors_remaining=12415 mlx_active_bytes=460787712
  [264/438] language_model.model.layers.24.mlp.shared_expert.up_proj source_tensors_remaining=12414 mlx_active_bytes=461344768
    layer 24 down_proj: experts 0...15
    layer 24 down_proj: experts 16...31
    layer 24 down_proj: experts 32...47
    layer 24 down_proj: experts 48...63
    layer 24 down_proj: experts 64...79
    layer 24 down_proj: experts 80...95
    layer 24 down_proj: experts 96...111
    layer 24 down_proj: experts 112...127
    layer 24 down_proj: experts 128...143
    layer 24 down_proj: experts 144...159
    layer 24 down_proj: experts 160...175
    layer 24 down_proj: experts 176...191
    layer 24 down_proj: experts 192...207
    layer 24 down_proj: experts 208...223
    layer 24 down_proj: experts 224...239
    layer 24 down_proj: experts 240...255
  [265/438] language_model.model.layers.24.mlp.switch_mlp.down_proj source_tensors_remaining=12158 mlx_active_bytes=603951104
    layer 24 gate_proj: experts 0...15
    layer 24 gate_proj: experts 16...31
    layer 24 gate_proj: experts 32...47
    layer 24 gate_proj: experts 48...63
    layer 24 gate_proj: experts 64...79
    layer 24 gate_proj: experts 80...95
    layer 24 gate_proj: experts 96...111
    layer 24 gate_proj: experts 112...127
    layer 24 gate_proj: experts 128...143
    layer 24 gate_proj: experts 144...159
    layer 24 gate_proj: experts 160...175
    layer 24 gate_proj: experts 176...191
    layer 24 gate_proj: experts 192...207
    layer 24 gate_proj: experts 208...223
    layer 24 gate_proj: experts 224...239
    layer 24 gate_proj: experts 240...255
  [266/438] language_model.model.layers.24.mlp.switch_mlp.gate_proj source_tensors_remaining=11902 mlx_active_bytes=746557440
    layer 24 up_proj: experts 0...15
    layer 24 up_proj: experts 16...31
    layer 24 up_proj: experts 32...47
    layer 24 up_proj: experts 48...63
    layer 24 up_proj: experts 64...79
    layer 24 up_proj: experts 80...95
    layer 24 up_proj: experts 96...111
    layer 24 up_proj: experts 112...127
    layer 24 up_proj: experts 128...143
    layer 24 up_proj: experts 144...159
    layer 24 up_proj: experts 160...175
    layer 24 up_proj: experts 176...191
    layer 24 up_proj: experts 192...207
    layer 24 up_proj: experts 208...223
    layer 24 up_proj: experts 224...239
    layer 24 up_proj: experts 240...255
  [267/438] language_model.model.layers.24.mlp.switch_mlp.up_proj source_tensors_remaining=11646 mlx_active_bytes=889163776
  [268/438] language_model.model.layers.24.self_attn.g_proj source_tensors_remaining=11645 mlx_active_bytes=889216000
  [269/438] language_model.model.layers.24.self_attn.k_proj source_tensors_remaining=11644 mlx_active_bytes=890330112
  [270/438] language_model.model.layers.24.self_attn.o_proj source_tensors_remaining=11643 mlx_active_bytes=897014784
  [271/438] language_model.model.layers.24.self_attn.q_proj source_tensors_remaining=11642 mlx_active_bytes=903699456
  [272/438] language_model.model.layers.24.self_attn.v_proj source_tensors_remaining=11641 mlx_active_bytes=904813568
  [273/438] language_model.model.layers.25.mlp.shared_expert.down_proj source_tensors_remaining=11640 mlx_active_bytes=905370624
  [274/438] language_model.model.layers.25.mlp.shared_expert.gate_proj source_tensors_remaining=11639 mlx_active_bytes=905927680
  [275/438] language_model.model.layers.25.mlp.shared_expert.up_proj source_tensors_remaining=11638 mlx_active_bytes=906484736
    layer 25 down_proj: experts 0...15
    layer 25 down_proj: experts 16...31
    layer 25 down_proj: experts 32...47
    layer 25 down_proj: experts 48...63
    layer 25 down_proj: experts 64...79
    layer 25 down_proj: experts 80...95
    layer 25 down_proj: experts 96...111
    layer 25 down_proj: experts 112...127
    layer 25 down_proj: experts 128...143
    layer 25 down_proj: experts 144...159
    layer 25 down_proj: experts 160...175
    layer 25 down_proj: experts 176...191
    layer 25 down_proj: experts 192...207
    layer 25 down_proj: experts 208...223
    layer 25 down_proj: experts 224...239
    layer 25 down_proj: experts 240...255
  [276/438] language_model.model.layers.25.mlp.switch_mlp.down_proj source_tensors_remaining=11382 mlx_active_bytes=1049091072
    layer 25 gate_proj: experts 0...15
    layer 25 gate_proj: experts 16...31
    layer 25 gate_proj: experts 32...47
    layer 25 gate_proj: experts 48...63
    layer 25 gate_proj: experts 64...79
    layer 25 gate_proj: experts 80...95
    layer 25 gate_proj: experts 96...111
    layer 25 gate_proj: experts 112...127
    layer 25 gate_proj: experts 128...143
    layer 25 gate_proj: experts 144...159
    layer 25 gate_proj: experts 160...175
    layer 25 gate_proj: experts 176...191
    layer 25 gate_proj: experts 192...207
    layer 25 gate_proj: experts 208...223
    layer 25 gate_proj: experts 224...239
    layer 25 gate_proj: experts 240...255
  [277/438] language_model.model.layers.25.mlp.switch_mlp.gate_proj source_tensors_remaining=11126 mlx_active_bytes=1191697408
    layer 25 up_proj: experts 0...15
    layer 25 up_proj: experts 16...31
    layer 25 up_proj: experts 32...47
    layer 25 up_proj: experts 48...63
    layer 25 up_proj: experts 64...79
    layer 25 up_proj: experts 80...95
    layer 25 up_proj: experts 96...111
    layer 25 up_proj: experts 112...127
    layer 25 up_proj: experts 128...143
    layer 25 up_proj: experts 144...159
    layer 25 up_proj: experts 160...175
    layer 25 up_proj: experts 176...191
    layer 25 up_proj: experts 192...207
    layer 25 up_proj: experts 208...223
    layer 25 up_proj: experts 224...239
    layer 25 up_proj: experts 240...255
  [278/438] language_model.model.layers.25.mlp.switch_mlp.up_proj source_tensors_remaining=10870 mlx_active_bytes=1334303744
  [279/438] language_model.model.layers.25.self_attn.g_proj source_tensors_remaining=10869 mlx_active_bytes=1334373376
  [280/438] language_model.model.layers.25.self_attn.k_proj source_tensors_remaining=10868 mlx_active_bytes=1335487488
  [281/438] language_model.model.layers.25.self_attn.o_proj source_tensors_remaining=10867 mlx_active_bytes=1344400384
  [282/438] language_model.model.layers.25.self_attn.q_proj source_tensors_remaining=10866 mlx_active_bytes=1353313280
  [283/438] language_model.model.layers.25.self_attn.v_proj source_tensors_remaining=10865 mlx_active_bytes=1354427392
  [284/438] language_model.model.layers.26.mlp.shared_expert.down_proj source_tensors_remaining=10864 mlx_active_bytes=1354984448
  [285/438] language_model.model.layers.26.mlp.shared_expert.gate_proj source_tensors_remaining=10863 mlx_active_bytes=1355541504
  [286/438] language_model.model.layers.26.mlp.shared_expert.up_proj source_tensors_remaining=10862 mlx_active_bytes=1356098560
    layer 26 down_proj: experts 0...15
    layer 26 down_proj: experts 16...31
    layer 26 down_proj: experts 32...47
    layer 26 down_proj: experts 48...63
    layer 26 down_proj: experts 64...79
    layer 26 down_proj: experts 80...95
    layer 26 down_proj: experts 96...111
    layer 26 down_proj: experts 112...127
    layer 26 down_proj: experts 128...143
    layer 26 down_proj: experts 144...159
    layer 26 down_proj: experts 160...175
    layer 26 down_proj: experts 176...191
    layer 26 down_proj: experts 192...207
    layer 26 down_proj: experts 208...223
    layer 26 down_proj: experts 224...239
    layer 26 down_proj: experts 240...255
  [287/438] language_model.model.layers.26.mlp.switch_mlp.down_proj source_tensors_remaining=10606 mlx_active_bytes=1498704896
    layer 26 gate_proj: experts 0...15
    layer 26 gate_proj: experts 16...31
    layer 26 gate_proj: experts 32...47
    layer 26 gate_proj: experts 48...63
    layer 26 gate_proj: experts 64...79
    layer 26 gate_proj: experts 80...95
    layer 26 gate_proj: experts 96...111
    layer 26 gate_proj: experts 112...127
    layer 26 gate_proj: experts 128...143
    layer 26 gate_proj: experts 144...159
    layer 26 gate_proj: experts 160...175
    layer 26 gate_proj: experts 176...191
    layer 26 gate_proj: experts 192...207
    layer 26 gate_proj: experts 208...223
    layer 26 gate_proj: experts 224...239
    layer 26 gate_proj: experts 240...255
  [288/438] language_model.model.layers.26.mlp.switch_mlp.gate_proj source_tensors_remaining=10350 mlx_active_bytes=1641311232
    layer 26 up_proj: experts 0...15
    layer 26 up_proj: experts 16...31
    layer 26 up_proj: experts 32...47
    layer 26 up_proj: experts 48...63
    layer 26 up_proj: experts 64...79
    layer 26 up_proj: experts 80...95
    layer 26 up_proj: experts 96...111
    layer 26 up_proj: experts 112...127
    layer 26 up_proj: experts 128...143
    layer 26 up_proj: experts 144...159
    layer 26 up_proj: experts 160...175
    layer 26 up_proj: experts 176...191
    layer 26 up_proj: experts 192...207
    layer 26 up_proj: experts 208...223
    layer 26 up_proj: experts 224...239
    layer 26 up_proj: experts 240...255
  [289/438] language_model.model.layers.26.mlp.switch_mlp.up_proj source_tensors_remaining=10094 mlx_active_bytes=1783917568
  [290/438] language_model.model.layers.26.self_attn.g_proj source_tensors_remaining=10093 mlx_active_bytes=1783987200
  [291/438] language_model.model.layers.26.self_attn.k_proj source_tensors_remaining=10092 mlx_active_bytes=1785101312
  [292/438] language_model.model.layers.26.self_attn.o_proj source_tensors_remaining=10091 mlx_active_bytes=1794014208
  [293/438] language_model.model.layers.26.self_attn.q_proj source_tensors_remaining=10090 mlx_active_bytes=1802927104
  [294/438] language_model.model.layers.26.self_attn.v_proj source_tensors_remaining=10089 mlx_active_bytes=1804041216
  [295/438] language_model.model.layers.27.mlp.shared_expert.down_proj source_tensors_remaining=10088 mlx_active_bytes=1804598272
  [296/438] language_model.model.layers.27.mlp.shared_expert.gate_proj source_tensors_remaining=10087 mlx_active_bytes=1805155328
  [297/438] language_model.model.layers.27.mlp.shared_expert.up_proj source_tensors_remaining=10086 mlx_active_bytes=1805712384
    layer 27 down_proj: experts 0...15
    layer 27 down_proj: experts 16...31
    layer 27 down_proj: experts 32...47
    layer 27 down_proj: experts 48...63
    layer 27 down_proj: experts 64...79
    layer 27 down_proj: experts 80...95
    layer 27 down_proj: experts 96...111
    layer 27 down_proj: experts 112...127
    layer 27 down_proj: experts 128...143
    layer 27 down_proj: experts 144...159
    layer 27 down_proj: experts 160...175
    layer 27 down_proj: experts 176...191
    layer 27 down_proj: experts 192...207
    layer 27 down_proj: experts 208...223
    layer 27 down_proj: experts 224...239
    layer 27 down_proj: experts 240...255
  [298/438] language_model.model.layers.27.mlp.switch_mlp.down_proj source_tensors_remaining=9830 mlx_active_bytes=1948318720
    layer 27 gate_proj: experts 0...15
    layer 27 gate_proj: experts 16...31
    layer 27 gate_proj: experts 32...47
    layer 27 gate_proj: experts 48...63
    layer 27 gate_proj: experts 64...79
    layer 27 gate_proj: experts 80...95
    layer 27 gate_proj: experts 96...111
    layer 27 gate_proj: experts 112...127
    layer 27 gate_proj: experts 128...143
    layer 27 gate_proj: experts 144...159
    layer 27 gate_proj: experts 160...175
    layer 27 gate_proj: experts 176...191
    layer 27 gate_proj: experts 192...207
    layer 27 gate_proj: experts 208...223
    layer 27 gate_proj: experts 224...239
    layer 27 gate_proj: experts 240...255
  [299/438] language_model.model.layers.27.mlp.switch_mlp.gate_proj source_tensors_remaining=9574 mlx_active_bytes=2090925056
    layer 27 up_proj: experts 0...15
    layer 27 up_proj: experts 16...31
    layer 27 up_proj: experts 32...47
    layer 27 up_proj: experts 48...63
    layer 27 up_proj: experts 64...79
    layer 27 up_proj: experts 80...95
    layer 27 up_proj: experts 96...111
    layer 27 up_proj: experts 112...127
    layer 27 up_proj: experts 128...143
    layer 27 up_proj: experts 144...159
    layer 27 up_proj: experts 160...175
    layer 27 up_proj: experts 176...191
    layer 27 up_proj: experts 192...207
    layer 27 up_proj: experts 208...223
    layer 27 up_proj: experts 224...239
    layer 27 up_proj: experts 240...255
  [300/438] language_model.model.layers.27.mlp.switch_mlp.up_proj source_tensors_remaining=9318 mlx_active_bytes=2233531392
  [301/438] language_model.model.layers.27.self_attn.g_proj source_tensors_remaining=9317 mlx_active_bytes=2233601024
  [302/438] language_model.model.layers.27.self_attn.k_proj source_tensors_remaining=9316 mlx_active_bytes=2234715136
  [303/438] language_model.model.layers.27.self_attn.o_proj source_tensors_remaining=9315 mlx_active_bytes=2243628032
  [304/438] language_model.model.layers.27.self_attn.q_proj source_tensors_remaining=9314 mlx_active_bytes=2252540928
  [305/438] language_model.model.layers.27.self_attn.v_proj source_tensors_remaining=9313 mlx_active_bytes=2253655040
  [306/438] language_model.model.layers.28.mlp.shared_expert.down_proj source_tensors_remaining=9312 mlx_active_bytes=2254212096
  [307/438] language_model.model.layers.28.mlp.shared_expert.gate_proj source_tensors_remaining=9311 mlx_active_bytes=2254769152
  [308/438] language_model.model.layers.28.mlp.shared_expert.up_proj source_tensors_remaining=9310 mlx_active_bytes=2255326208
    layer 28 down_proj: experts 0...15
    layer 28 down_proj: experts 16...31
    layer 28 down_proj: experts 32...47
    layer 28 down_proj: experts 48...63
    layer 28 down_proj: experts 64...79
    layer 28 down_proj: experts 80...95
    layer 28 down_proj: experts 96...111
    layer 28 down_proj: experts 112...127
    layer 28 down_proj: experts 128...143
    layer 28 down_proj: experts 144...159
    layer 28 down_proj: experts 160...175
    layer 28 down_proj: experts 176...191
    layer 28 down_proj: experts 192...207
    layer 28 down_proj: experts 208...223
    layer 28 down_proj: experts 224...239
    layer 28 down_proj: experts 240...255
  [309/438] language_model.model.layers.28.mlp.switch_mlp.down_proj source_tensors_remaining=9054 mlx_active_bytes=2397932544
    layer 28 gate_proj: experts 0...15
    layer 28 gate_proj: experts 16...31
    layer 28 gate_proj: experts 32...47
    layer 28 gate_proj: experts 48...63
    layer 28 gate_proj: experts 64...79
    layer 28 gate_proj: experts 80...95
    layer 28 gate_proj: experts 96...111
    layer 28 gate_proj: experts 112...127
    layer 28 gate_proj: experts 128...143
    layer 28 gate_proj: experts 144...159
    layer 28 gate_proj: experts 160...175
    layer 28 gate_proj: experts 176...191
    layer 28 gate_proj: experts 192...207
    layer 28 gate_proj: experts 208...223
    layer 28 gate_proj: experts 224...239
    layer 28 gate_proj: experts 240...255
  [310/438] language_model.model.layers.28.mlp.switch_mlp.gate_proj source_tensors_remaining=8798 mlx_active_bytes=2540538880
    layer 28 up_proj: experts 0...15
    layer 28 up_proj: experts 16...31
    layer 28 up_proj: experts 32...47
    layer 28 up_proj: experts 48...63
    layer 28 up_proj: experts 64...79
    layer 28 up_proj: experts 80...95
    layer 28 up_proj: experts 96...111
    layer 28 up_proj: experts 112...127
    layer 28 up_proj: experts 128...143
    layer 28 up_proj: experts 144...159
    layer 28 up_proj: experts 160...175
    layer 28 up_proj: experts 176...191
    layer 28 up_proj: experts 192...207
    layer 28 up_proj: experts 208...223
    layer 28 up_proj: experts 224...239
    layer 28 up_proj: experts 240...255
  [311/438] language_model.model.layers.28.mlp.switch_mlp.up_proj source_tensors_remaining=8542 mlx_active_bytes=2683145216
  [312/438] language_model.model.layers.28.self_attn.g_proj source_tensors_remaining=8541 mlx_active_bytes=2683197440
  [313/438] language_model.model.layers.28.self_attn.k_proj source_tensors_remaining=8540 mlx_active_bytes=2684311552
  [314/438] language_model.model.layers.28.self_attn.o_proj source_tensors_remaining=8539 mlx_active_bytes=2690996224
  [315/438] language_model.model.layers.28.self_attn.q_proj source_tensors_remaining=8538 mlx_active_bytes=2697680896
  [316/438] language_model.model.layers.28.self_attn.v_proj source_tensors_remaining=8537 mlx_active_bytes=2698795008
  [317/438] language_model.model.layers.29.mlp.shared_expert.down_proj source_tensors_remaining=8536 mlx_active_bytes=2699352064
  [318/438] language_model.model.layers.29.mlp.shared_expert.gate_proj source_tensors_remaining=8535 mlx_active_bytes=2699909120
  [319/438] language_model.model.layers.29.mlp.shared_expert.up_proj source_tensors_remaining=8534 mlx_active_bytes=2700466176
    layer 29 down_proj: experts 0...15
    layer 29 down_proj: experts 16...31
    layer 29 down_proj: experts 32...47
    layer 29 down_proj: experts 48...63
    layer 29 down_proj: experts 64...79
    layer 29 down_proj: experts 80...95
    layer 29 down_proj: experts 96...111
    layer 29 down_proj: experts 112...127
    layer 29 down_proj: experts 128...143
    layer 29 down_proj: experts 144...159
    layer 29 down_proj: experts 160...175
    layer 29 down_proj: experts 176...191
    layer 29 down_proj: experts 192...207
    layer 29 down_proj: experts 208...223
    layer 29 down_proj: experts 224...239
    layer 29 down_proj: experts 240...255
  [320/438] language_model.model.layers.29.mlp.switch_mlp.down_proj source_tensors_remaining=8278 mlx_active_bytes=2843072512
    layer 29 gate_proj: experts 0...15
    layer 29 gate_proj: experts 16...31
    layer 29 gate_proj: experts 32...47
    layer 29 gate_proj: experts 48...63
    layer 29 gate_proj: experts 64...79
    layer 29 gate_proj: experts 80...95
    layer 29 gate_proj: experts 96...111
    layer 29 gate_proj: experts 112...127
    layer 29 gate_proj: experts 128...143
    layer 29 gate_proj: experts 144...159
    layer 29 gate_proj: experts 160...175
    layer 29 gate_proj: experts 176...191
    layer 29 gate_proj: experts 192...207
    layer 29 gate_proj: experts 208...223
    layer 29 gate_proj: experts 224...239
    layer 29 gate_proj: experts 240...255
  [321/438] language_model.model.layers.29.mlp.switch_mlp.gate_proj source_tensors_remaining=8022 mlx_active_bytes=2985678848
    layer 29 up_proj: experts 0...15
    layer 29 up_proj: experts 16...31
    layer 29 up_proj: experts 32...47
    layer 29 up_proj: experts 48...63
    layer 29 up_proj: experts 64...79
    layer 29 up_proj: experts 80...95
    layer 29 up_proj: experts 96...111
    layer 29 up_proj: experts 112...127
    layer 29 up_proj: experts 128...143
    layer 29 up_proj: experts 144...159
    layer 29 up_proj: experts 160...175
    layer 29 up_proj: experts 176...191
    layer 29 up_proj: experts 192...207
    layer 29 up_proj: experts 208...223
    layer 29 up_proj: experts 224...239
    layer 29 up_proj: experts 240...255
  [322/438] language_model.model.layers.29.mlp.switch_mlp.up_proj source_tensors_remaining=7766 mlx_active_bytes=3128285184
  [323/438] language_model.model.layers.29.self_attn.g_proj source_tensors_remaining=7765 mlx_active_bytes=3128354816
  [324/438] language_model.model.layers.29.self_attn.k_proj source_tensors_remaining=7764 mlx_active_bytes=3129468928
  [325/438] language_model.model.layers.29.self_attn.o_proj source_tensors_remaining=7763 mlx_active_bytes=3138381824
  [326/438] language_model.model.layers.29.self_attn.q_proj source_tensors_remaining=7762 mlx_active_bytes=3147294720
  [327/438] language_model.model.layers.29.self_attn.v_proj source_tensors_remaining=7761 mlx_active_bytes=3148408832
  [328/438] language_model.model.layers.30.mlp.shared_expert.down_proj source_tensors_remaining=7760 mlx_active_bytes=3148965888
  [329/438] language_model.model.layers.30.mlp.shared_expert.gate_proj source_tensors_remaining=7759 mlx_active_bytes=3149522944
  [330/438] language_model.model.layers.30.mlp.shared_expert.up_proj source_tensors_remaining=7758 mlx_active_bytes=3150080000
    layer 30 down_proj: experts 0...15
    layer 30 down_proj: experts 16...31
    layer 30 down_proj: experts 32...47
    layer 30 down_proj: experts 48...63
    layer 30 down_proj: experts 64...79
    layer 30 down_proj: experts 80...95
    layer 30 down_proj: experts 96...111
    layer 30 down_proj: experts 112...127
    layer 30 down_proj: experts 128...143
    layer 30 down_proj: experts 144...159
    layer 30 down_proj: experts 160...175
    layer 30 down_proj: experts 176...191
    layer 30 down_proj: experts 192...207
    layer 30 down_proj: experts 208...223
    layer 30 down_proj: experts 224...239
    layer 30 down_proj: experts 240...255
  [331/438] language_model.model.layers.30.mlp.switch_mlp.down_proj source_tensors_remaining=7502 mlx_active_bytes=3292686336
    layer 30 gate_proj: experts 0...15
    layer 30 gate_proj: experts 16...31
    layer 30 gate_proj: experts 32...47
    layer 30 gate_proj: experts 48...63
    layer 30 gate_proj: experts 64...79
    layer 30 gate_proj: experts 80...95
    layer 30 gate_proj: experts 96...111
    layer 30 gate_proj: experts 112...127
    layer 30 gate_proj: experts 128...143
    layer 30 gate_proj: experts 144...159
    layer 30 gate_proj: experts 160...175
    layer 30 gate_proj: experts 176...191
    layer 30 gate_proj: experts 192...207
    layer 30 gate_proj: experts 208...223
    layer 30 gate_proj: experts 224...239
    layer 30 gate_proj: experts 240...255
  [332/438] language_model.model.layers.30.mlp.switch_mlp.gate_proj source_tensors_remaining=7246 mlx_active_bytes=3435292672
    layer 30 up_proj: experts 0...15
    layer 30 up_proj: experts 16...31
    layer 30 up_proj: experts 32...47
    layer 30 up_proj: experts 48...63
    layer 30 up_proj: experts 64...79
    layer 30 up_proj: experts 80...95
    layer 30 up_proj: experts 96...111
    layer 30 up_proj: experts 112...127
    layer 30 up_proj: experts 128...143
    layer 30 up_proj: experts 144...159
    layer 30 up_proj: experts 160...175
    layer 30 up_proj: experts 176...191
    layer 30 up_proj: experts 192...207
    layer 30 up_proj: experts 208...223
    layer 30 up_proj: experts 224...239
    layer 30 up_proj: experts 240...255
  [333/438] language_model.model.layers.30.mlp.switch_mlp.up_proj source_tensors_remaining=6990 mlx_active_bytes=3577899008
  [334/438] language_model.model.layers.30.self_attn.g_proj source_tensors_remaining=6989 mlx_active_bytes=3577968640
  [335/438] language_model.model.layers.30.self_attn.k_proj source_tensors_remaining=6988 mlx_active_bytes=3579082752
  [336/438] language_model.model.layers.30.self_attn.o_proj source_tensors_remaining=6987 mlx_active_bytes=3587995648
  [337/438] language_model.model.layers.30.self_attn.q_proj source_tensors_remaining=6986 mlx_active_bytes=3596908544
  [338/438] language_model.model.layers.30.self_attn.v_proj source_tensors_remaining=6985 mlx_active_bytes=3598022656
  [339/438] language_model.model.layers.31.mlp.shared_expert.down_proj source_tensors_remaining=6984 mlx_active_bytes=3598579712
  [340/438] language_model.model.layers.31.mlp.shared_expert.gate_proj source_tensors_remaining=6983 mlx_active_bytes=3599136768
  [341/438] language_model.model.layers.31.mlp.shared_expert.up_proj source_tensors_remaining=6982 mlx_active_bytes=3599693824
    layer 31 down_proj: experts 0...15
    layer 31 down_proj: experts 16...31
    layer 31 down_proj: experts 32...47
    layer 31 down_proj: experts 48...63
    layer 31 down_proj: experts 64...79
    layer 31 down_proj: experts 80...95
    layer 31 down_proj: experts 96...111
    layer 31 down_proj: experts 112...127
    layer 31 down_proj: experts 128...143
    layer 31 down_proj: experts 144...159
    layer 31 down_proj: experts 160...175
    layer 31 down_proj: experts 176...191
    layer 31 down_proj: experts 192...207
    layer 31 down_proj: experts 208...223
    layer 31 down_proj: experts 224...239
    layer 31 down_proj: experts 240...255
  [342/438] language_model.model.layers.31.mlp.switch_mlp.down_proj source_tensors_remaining=6726 mlx_active_bytes=3742300160
    layer 31 gate_proj: experts 0...15
    layer 31 gate_proj: experts 16...31
    layer 31 gate_proj: experts 32...47
    layer 31 gate_proj: experts 48...63
    layer 31 gate_proj: experts 64...79
    layer 31 gate_proj: experts 80...95
    layer 31 gate_proj: experts 96...111
    layer 31 gate_proj: experts 112...127
    layer 31 gate_proj: experts 128...143
    layer 31 gate_proj: experts 144...159
    layer 31 gate_proj: experts 160...175
    layer 31 gate_proj: experts 176...191
    layer 31 gate_proj: experts 192...207
    layer 31 gate_proj: experts 208...223
    layer 31 gate_proj: experts 224...239
    layer 31 gate_proj: experts 240...255
  [343/438] language_model.model.layers.31.mlp.switch_mlp.gate_proj source_tensors_remaining=6470 mlx_active_bytes=3884906496
    layer 31 up_proj: experts 0...15
    layer 31 up_proj: experts 16...31
    layer 31 up_proj: experts 32...47
    layer 31 up_proj: experts 48...63
    layer 31 up_proj: experts 64...79
    layer 31 up_proj: experts 80...95
    layer 31 up_proj: experts 96...111
    layer 31 up_proj: experts 112...127
    layer 31 up_proj: experts 128...143
    layer 31 up_proj: experts 144...159
    layer 31 up_proj: experts 160...175
    layer 31 up_proj: experts 176...191
    layer 31 up_proj: experts 192...207
    layer 31 up_proj: experts 208...223
    layer 31 up_proj: experts 224...239
    layer 31 up_proj: experts 240...255
  [344/438] language_model.model.layers.31.mlp.switch_mlp.up_proj source_tensors_remaining=6214 mlx_active_bytes=4027512832
  [345/438] language_model.model.layers.31.self_attn.g_proj source_tensors_remaining=6213 mlx_active_bytes=4027582464
  [346/438] language_model.model.layers.31.self_attn.k_proj source_tensors_remaining=6212 mlx_active_bytes=4028696576
  [347/438] language_model.model.layers.31.self_attn.o_proj source_tensors_remaining=6211 mlx_active_bytes=4037609472
  [348/438] language_model.model.layers.31.self_attn.q_proj source_tensors_remaining=6210 mlx_active_bytes=4046522368
  [349/438] language_model.model.layers.31.self_attn.v_proj source_tensors_remaining=6209 mlx_active_bytes=4047636480
  [350/438] language_model.model.layers.32.mlp.shared_expert.down_proj source_tensors_remaining=6208 mlx_active_bytes=4048193536
  [351/438] language_model.model.layers.32.mlp.shared_expert.gate_proj source_tensors_remaining=6207 mlx_active_bytes=4048750592
  [352/438] language_model.model.layers.32.mlp.shared_expert.up_proj source_tensors_remaining=6206 mlx_active_bytes=4049307648
    layer 32 down_proj: experts 0...15
    layer 32 down_proj: experts 16...31
    layer 32 down_proj: experts 32...47
    layer 32 down_proj: experts 48...63
    layer 32 down_proj: experts 64...79
    layer 32 down_proj: experts 80...95
    layer 32 down_proj: experts 96...111
    layer 32 down_proj: experts 112...127
    layer 32 down_proj: experts 128...143
    layer 32 down_proj: experts 144...159
    layer 32 down_proj: experts 160...175
    layer 32 down_proj: experts 176...191
    layer 32 down_proj: experts 192...207
    layer 32 down_proj: experts 208...223
    layer 32 down_proj: experts 224...239
    layer 32 down_proj: experts 240...255
  [353/438] language_model.model.layers.32.mlp.switch_mlp.down_proj source_tensors_remaining=5950 mlx_active_bytes=4191913984
    layer 32 gate_proj: experts 0...15
    layer 32 gate_proj: experts 16...31
    layer 32 gate_proj: experts 32...47
    layer 32 gate_proj: experts 48...63
    layer 32 gate_proj: experts 64...79
    layer 32 gate_proj: experts 80...95
    layer 32 gate_proj: experts 96...111
    layer 32 gate_proj: experts 112...127
    layer 32 gate_proj: experts 128...143
    layer 32 gate_proj: experts 144...159
    layer 32 gate_proj: experts 160...175
    layer 32 gate_proj: experts 176...191
    layer 32 gate_proj: experts 192...207
    layer 32 gate_proj: experts 208...223
    layer 32 gate_proj: experts 224...239
    layer 32 gate_proj: experts 240...255
  [354/438] language_model.model.layers.32.mlp.switch_mlp.gate_proj source_tensors_remaining=5694 mlx_active_bytes=4334520320
    layer 32 up_proj: experts 0...15
    layer 32 up_proj: experts 16...31
    layer 32 up_proj: experts 32...47
    layer 32 up_proj: experts 48...63
    layer 32 up_proj: experts 64...79
    layer 32 up_proj: experts 80...95
    layer 32 up_proj: experts 96...111
    layer 32 up_proj: experts 112...127
    layer 32 up_proj: experts 128...143
    layer 32 up_proj: experts 144...159
    layer 32 up_proj: experts 160...175
    layer 32 up_proj: experts 176...191
    layer 32 up_proj: experts 192...207
    layer 32 up_proj: experts 208...223
    layer 32 up_proj: experts 224...239
    layer 32 up_proj: experts 240...255
  [355/438] language_model.model.layers.32.mlp.switch_mlp.up_proj source_tensors_remaining=5438 mlx_active_bytes=4477126656
  [356/438] language_model.model.layers.32.self_attn.g_proj source_tensors_remaining=5437 mlx_active_bytes=4477178880
  [357/438] language_model.model.layers.32.self_attn.k_proj source_tensors_remaining=5436 mlx_active_bytes=4478292992
  [358/438] language_model.model.layers.32.self_attn.o_proj source_tensors_remaining=5435 mlx_active_bytes=4484977664
  [359/438] language_model.model.layers.32.self_attn.q_proj source_tensors_remaining=5434 mlx_active_bytes=4491662336
  [360/438] language_model.model.layers.32.self_attn.v_proj source_tensors_remaining=5433 mlx_active_bytes=4492776448
  [361/438] language_model.model.layers.33.mlp.shared_expert.down_proj source_tensors_remaining=5432 mlx_active_bytes=4493333504
  [362/438] language_model.model.layers.33.mlp.shared_expert.gate_proj source_tensors_remaining=5431 mlx_active_bytes=4493890560
  [363/438] language_model.model.layers.33.mlp.shared_expert.up_proj source_tensors_remaining=5430 mlx_active_bytes=4494447616
    layer 33 down_proj: experts 0...15
    layer 33 down_proj: experts 16...31
    layer 33 down_proj: experts 32...47
    layer 33 down_proj: experts 48...63
    layer 33 down_proj: experts 64...79
    layer 33 down_proj: experts 80...95
    layer 33 down_proj: experts 96...111
    layer 33 down_proj: experts 112...127
    layer 33 down_proj: experts 128...143
    layer 33 down_proj: experts 144...159
    layer 33 down_proj: experts 160...175
    layer 33 down_proj: experts 176...191
    layer 33 down_proj: experts 192...207
    layer 33 down_proj: experts 208...223
    layer 33 down_proj: experts 224...239
    layer 33 down_proj: experts 240...255
  [364/438] language_model.model.layers.33.mlp.switch_mlp.down_proj source_tensors_remaining=5174 mlx_active_bytes=4637053952
    layer 33 gate_proj: experts 0...15
    layer 33 gate_proj: experts 16...31
    layer 33 gate_proj: experts 32...47
    layer 33 gate_proj: experts 48...63
    layer 33 gate_proj: experts 64...79
    layer 33 gate_proj: experts 80...95
    layer 33 gate_proj: experts 96...111
    layer 33 gate_proj: experts 112...127
    layer 33 gate_proj: experts 128...143
    layer 33 gate_proj: experts 144...159
    layer 33 gate_proj: experts 160...175
    layer 33 gate_proj: experts 176...191
    layer 33 gate_proj: experts 192...207
    layer 33 gate_proj: experts 208...223
    layer 33 gate_proj: experts 224...239
    layer 33 gate_proj: experts 240...255
  [365/438] language_model.model.layers.33.mlp.switch_mlp.gate_proj source_tensors_remaining=4918 mlx_active_bytes=4779660288
    layer 33 up_proj: experts 0...15
    layer 33 up_proj: experts 16...31
    layer 33 up_proj: experts 32...47
    layer 33 up_proj: experts 48...63
    layer 33 up_proj: experts 64...79
    layer 33 up_proj: experts 80...95
    layer 33 up_proj: experts 96...111
    layer 33 up_proj: experts 112...127
    layer 33 up_proj: experts 128...143
    layer 33 up_proj: experts 144...159
    layer 33 up_proj: experts 160...175
    layer 33 up_proj: experts 176...191
    layer 33 up_proj: experts 192...207
    layer 33 up_proj: experts 208...223
    layer 33 up_proj: experts 224...239
    layer 33 up_proj: experts 240...255
  [366/438] language_model.model.layers.33.mlp.switch_mlp.up_proj source_tensors_remaining=4662 mlx_active_bytes=4922266624
  [367/438] language_model.model.layers.33.self_attn.g_proj source_tensors_remaining=4661 mlx_active_bytes=4922336256
  [368/438] language_model.model.layers.33.self_attn.k_proj source_tensors_remaining=4660 mlx_active_bytes=4923450368
  [369/438] language_model.model.layers.33.self_attn.o_proj source_tensors_remaining=4659 mlx_active_bytes=4932363264
  [370/438] language_model.model.layers.33.self_attn.q_proj source_tensors_remaining=4658 mlx_active_bytes=4941276160
  [371/438] language_model.model.layers.33.self_attn.v_proj source_tensors_remaining=4657 mlx_active_bytes=4942390272
  [372/438] language_model.model.layers.34.self_attn.g_proj source_tensors_remaining=4656 mlx_active_bytes=4942459904
  [373/438] language_model.model.layers.34.self_attn.k_proj source_tensors_remaining=4655 mlx_active_bytes=4943574016
  [374/438] language_model.model.layers.34.self_attn.o_proj source_tensors_remaining=4654 mlx_active_bytes=4952486912
  [375/438] language_model.model.layers.34.self_attn.q_proj source_tensors_remaining=4653 mlx_active_bytes=4961399808
  [376/438] language_model.model.layers.34.self_attn.v_proj source_tensors_remaining=4652 mlx_active_bytes=4962513920
[shard 4/4] model-00004-of-00004.safetensors: 62 Q4 module(s)
  [377/438] language_model.lm_head source_tensors_remaining=4651 mlx_active_bytes=109182976
  [378/438] language_model.model.layers.34.mlp.shared_expert.down_proj source_tensors_remaining=4650 mlx_active_bytes=109740032
  [379/438] language_model.model.layers.34.mlp.shared_expert.gate_proj source_tensors_remaining=4649 mlx_active_bytes=110297088
  [380/438] language_model.model.layers.34.mlp.shared_expert.up_proj source_tensors_remaining=4648 mlx_active_bytes=110854144
    layer 34 down_proj: experts 0...15
    layer 34 down_proj: experts 16...31
    layer 34 down_proj: experts 32...47
    layer 34 down_proj: experts 48...63
    layer 34 down_proj: experts 64...79
    layer 34 down_proj: experts 80...95
    layer 34 down_proj: experts 96...111
    layer 34 down_proj: experts 112...127
    layer 34 down_proj: experts 128...143
    layer 34 down_proj: experts 144...159
    layer 34 down_proj: experts 160...175
    layer 34 down_proj: experts 176...191
    layer 34 down_proj: experts 192...207
    layer 34 down_proj: experts 208...223
    layer 34 down_proj: experts 224...239
    layer 34 down_proj: experts 240...255
  [381/438] language_model.model.layers.34.mlp.switch_mlp.down_proj source_tensors_remaining=4392 mlx_active_bytes=253460480
    layer 34 gate_proj: experts 0...15
    layer 34 gate_proj: experts 16...31
    layer 34 gate_proj: experts 32...47
    layer 34 gate_proj: experts 48...63
    layer 34 gate_proj: experts 64...79
    layer 34 gate_proj: experts 80...95
    layer 34 gate_proj: experts 96...111
    layer 34 gate_proj: experts 112...127
    layer 34 gate_proj: experts 128...143
    layer 34 gate_proj: experts 144...159
    layer 34 gate_proj: experts 160...175
    layer 34 gate_proj: experts 176...191
    layer 34 gate_proj: experts 192...207
    layer 34 gate_proj: experts 208...223
    layer 34 gate_proj: experts 224...239
    layer 34 gate_proj: experts 240...255
  [382/438] language_model.model.layers.34.mlp.switch_mlp.gate_proj source_tensors_remaining=4136 mlx_active_bytes=396066816
    layer 34 up_proj: experts 0...15
    layer 34 up_proj: experts 16...31
    layer 34 up_proj: experts 32...47
    layer 34 up_proj: experts 48...63
    layer 34 up_proj: experts 64...79
    layer 34 up_proj: experts 80...95
    layer 34 up_proj: experts 96...111
    layer 34 up_proj: experts 112...127
    layer 34 up_proj: experts 128...143
    layer 34 up_proj: experts 144...159
    layer 34 up_proj: experts 160...175
    layer 34 up_proj: experts 176...191
    layer 34 up_proj: experts 192...207
    layer 34 up_proj: experts 208...223
    layer 34 up_proj: experts 224...239
    layer 34 up_proj: experts 240...255
  [383/438] language_model.model.layers.34.mlp.switch_mlp.up_proj source_tensors_remaining=3880 mlx_active_bytes=538673152
  [384/438] language_model.model.layers.35.mlp.shared_expert.down_proj source_tensors_remaining=3879 mlx_active_bytes=539230208
  [385/438] language_model.model.layers.35.mlp.shared_expert.gate_proj source_tensors_remaining=3878 mlx_active_bytes=539787264
  [386/438] language_model.model.layers.35.mlp.shared_expert.up_proj source_tensors_remaining=3877 mlx_active_bytes=540344320
    layer 35 down_proj: experts 0...15
    layer 35 down_proj: experts 16...31
    layer 35 down_proj: experts 32...47
    layer 35 down_proj: experts 48...63
    layer 35 down_proj: experts 64...79
    layer 35 down_proj: experts 80...95
    layer 35 down_proj: experts 96...111
    layer 35 down_proj: experts 112...127
    layer 35 down_proj: experts 128...143
    layer 35 down_proj: experts 144...159
    layer 35 down_proj: experts 160...175
    layer 35 down_proj: experts 176...191
    layer 35 down_proj: experts 192...207
    layer 35 down_proj: experts 208...223
    layer 35 down_proj: experts 224...239
    layer 35 down_proj: experts 240...255
  [387/438] language_model.model.layers.35.mlp.switch_mlp.down_proj source_tensors_remaining=3621 mlx_active_bytes=682950656
    layer 35 gate_proj: experts 0...15
    layer 35 gate_proj: experts 16...31
    layer 35 gate_proj: experts 32...47
    layer 35 gate_proj: experts 48...63
    layer 35 gate_proj: experts 64...79
    layer 35 gate_proj: experts 80...95
    layer 35 gate_proj: experts 96...111
    layer 35 gate_proj: experts 112...127
    layer 35 gate_proj: experts 128...143
    layer 35 gate_proj: experts 144...159
    layer 35 gate_proj: experts 160...175
    layer 35 gate_proj: experts 176...191
    layer 35 gate_proj: experts 192...207
    layer 35 gate_proj: experts 208...223
    layer 35 gate_proj: experts 224...239
    layer 35 gate_proj: experts 240...255
  [388/438] language_model.model.layers.35.mlp.switch_mlp.gate_proj source_tensors_remaining=3365 mlx_active_bytes=825556992
    layer 35 up_proj: experts 0...15
    layer 35 up_proj: experts 16...31
    layer 35 up_proj: experts 32...47
    layer 35 up_proj: experts 48...63
    layer 35 up_proj: experts 64...79
    layer 35 up_proj: experts 80...95
    layer 35 up_proj: experts 96...111
    layer 35 up_proj: experts 112...127
    layer 35 up_proj: experts 128...143
    layer 35 up_proj: experts 144...159
    layer 35 up_proj: experts 160...175
    layer 35 up_proj: experts 176...191
    layer 35 up_proj: experts 192...207
    layer 35 up_proj: experts 208...223
    layer 35 up_proj: experts 224...239
    layer 35 up_proj: experts 240...255
  [389/438] language_model.model.layers.35.mlp.switch_mlp.up_proj source_tensors_remaining=3109 mlx_active_bytes=968163328
  [390/438] language_model.model.layers.35.self_attn.g_proj source_tensors_remaining=3108 mlx_active_bytes=968232960
  [391/438] language_model.model.layers.35.self_attn.k_proj source_tensors_remaining=3107 mlx_active_bytes=969347072
  [392/438] language_model.model.layers.35.self_attn.o_proj source_tensors_remaining=3106 mlx_active_bytes=978259968
  [393/438] language_model.model.layers.35.self_attn.q_proj source_tensors_remaining=3105 mlx_active_bytes=987172864
  [394/438] language_model.model.layers.35.self_attn.v_proj source_tensors_remaining=3104 mlx_active_bytes=988286976
  [395/438] language_model.model.layers.36.mlp.shared_expert.down_proj source_tensors_remaining=3103 mlx_active_bytes=988844032
  [396/438] language_model.model.layers.36.mlp.shared_expert.gate_proj source_tensors_remaining=3102 mlx_active_bytes=989401088
  [397/438] language_model.model.layers.36.mlp.shared_expert.up_proj source_tensors_remaining=3101 mlx_active_bytes=989958144
    layer 36 down_proj: experts 0...15
    layer 36 down_proj: experts 16...31
    layer 36 down_proj: experts 32...47
    layer 36 down_proj: experts 48...63
    layer 36 down_proj: experts 64...79
    layer 36 down_proj: experts 80...95
    layer 36 down_proj: experts 96...111
    layer 36 down_proj: experts 112...127
    layer 36 down_proj: experts 128...143
    layer 36 down_proj: experts 144...159
    layer 36 down_proj: experts 160...175
    layer 36 down_proj: experts 176...191
    layer 36 down_proj: experts 192...207
    layer 36 down_proj: experts 208...223
    layer 36 down_proj: experts 224...239
    layer 36 down_proj: experts 240...255
  [398/438] language_model.model.layers.36.mlp.switch_mlp.down_proj source_tensors_remaining=2845 mlx_active_bytes=1132564480
    layer 36 gate_proj: experts 0...15
    layer 36 gate_proj: experts 16...31
    layer 36 gate_proj: experts 32...47
    layer 36 gate_proj: experts 48...63
    layer 36 gate_proj: experts 64...79
    layer 36 gate_proj: experts 80...95
    layer 36 gate_proj: experts 96...111
    layer 36 gate_proj: experts 112...127
    layer 36 gate_proj: experts 128...143
    layer 36 gate_proj: experts 144...159
    layer 36 gate_proj: experts 160...175
    layer 36 gate_proj: experts 176...191
    layer 36 gate_proj: experts 192...207
    layer 36 gate_proj: experts 208...223
    layer 36 gate_proj: experts 224...239
    layer 36 gate_proj: experts 240...255
  [399/438] language_model.model.layers.36.mlp.switch_mlp.gate_proj source_tensors_remaining=2589 mlx_active_bytes=1275170816
    layer 36 up_proj: experts 0...15
    layer 36 up_proj: experts 16...31
    layer 36 up_proj: experts 32...47
    layer 36 up_proj: experts 48...63
    layer 36 up_proj: experts 64...79
    layer 36 up_proj: experts 80...95
    layer 36 up_proj: experts 96...111
    layer 36 up_proj: experts 112...127
    layer 36 up_proj: experts 128...143
    layer 36 up_proj: experts 144...159
    layer 36 up_proj: experts 160...175
    layer 36 up_proj: experts 176...191
    layer 36 up_proj: experts 192...207
    layer 36 up_proj: experts 208...223
    layer 36 up_proj: experts 224...239
    layer 36 up_proj: experts 240...255
  [400/438] language_model.model.layers.36.mlp.switch_mlp.up_proj source_tensors_remaining=2333 mlx_active_bytes=1417777152
  [401/438] language_model.model.layers.36.self_attn.g_proj source_tensors_remaining=2332 mlx_active_bytes=1417829376
  [402/438] language_model.model.layers.36.self_attn.k_proj source_tensors_remaining=2331 mlx_active_bytes=1418943488
  [403/438] language_model.model.layers.36.self_attn.o_proj source_tensors_remaining=2330 mlx_active_bytes=1425628160
  [404/438] language_model.model.layers.36.self_attn.q_proj source_tensors_remaining=2329 mlx_active_bytes=1432312832
  [405/438] language_model.model.layers.36.self_attn.v_proj source_tensors_remaining=2328 mlx_active_bytes=1433426944
  [406/438] language_model.model.layers.37.mlp.shared_expert.down_proj source_tensors_remaining=2327 mlx_active_bytes=1433984000
  [407/438] language_model.model.layers.37.mlp.shared_expert.gate_proj source_tensors_remaining=2326 mlx_active_bytes=1434541056
  [408/438] language_model.model.layers.37.mlp.shared_expert.up_proj source_tensors_remaining=2325 mlx_active_bytes=1435098112
    layer 37 down_proj: experts 0...15
    layer 37 down_proj: experts 16...31
    layer 37 down_proj: experts 32...47
    layer 37 down_proj: experts 48...63
    layer 37 down_proj: experts 64...79
    layer 37 down_proj: experts 80...95
    layer 37 down_proj: experts 96...111
    layer 37 down_proj: experts 112...127
    layer 37 down_proj: experts 128...143
    layer 37 down_proj: experts 144...159
    layer 37 down_proj: experts 160...175
    layer 37 down_proj: experts 176...191
    layer 37 down_proj: experts 192...207
    layer 37 down_proj: experts 208...223
    layer 37 down_proj: experts 224...239
    layer 37 down_proj: experts 240...255
  [409/438] language_model.model.layers.37.mlp.switch_mlp.down_proj source_tensors_remaining=2069 mlx_active_bytes=1577704448
    layer 37 gate_proj: experts 0...15
    layer 37 gate_proj: experts 16...31
    layer 37 gate_proj: experts 32...47
    layer 37 gate_proj: experts 48...63
    layer 37 gate_proj: experts 64...79
    layer 37 gate_proj: experts 80...95
    layer 37 gate_proj: experts 96...111
    layer 37 gate_proj: experts 112...127
    layer 37 gate_proj: experts 128...143
    layer 37 gate_proj: experts 144...159
    layer 37 gate_proj: experts 160...175
    layer 37 gate_proj: experts 176...191
    layer 37 gate_proj: experts 192...207
    layer 37 gate_proj: experts 208...223
    layer 37 gate_proj: experts 224...239
    layer 37 gate_proj: experts 240...255
  [410/438] language_model.model.layers.37.mlp.switch_mlp.gate_proj source_tensors_remaining=1813 mlx_active_bytes=1720310784
    layer 37 up_proj: experts 0...15
    layer 37 up_proj: experts 16...31
    layer 37 up_proj: experts 32...47
    layer 37 up_proj: experts 48...63
    layer 37 up_proj: experts 64...79
    layer 37 up_proj: experts 80...95
    layer 37 up_proj: experts 96...111
    layer 37 up_proj: experts 112...127
    layer 37 up_proj: experts 128...143
    layer 37 up_proj: experts 144...159
    layer 37 up_proj: experts 160...175
    layer 37 up_proj: experts 176...191
    layer 37 up_proj: experts 192...207
    layer 37 up_proj: experts 208...223
    layer 37 up_proj: experts 224...239
    layer 37 up_proj: experts 240...255
  [411/438] language_model.model.layers.37.mlp.switch_mlp.up_proj source_tensors_remaining=1557 mlx_active_bytes=1862917120
  [412/438] language_model.model.layers.37.self_attn.g_proj source_tensors_remaining=1556 mlx_active_bytes=1862986752
  [413/438] language_model.model.layers.37.self_attn.k_proj source_tensors_remaining=1555 mlx_active_bytes=1864100864
  [414/438] language_model.model.layers.37.self_attn.o_proj source_tensors_remaining=1554 mlx_active_bytes=1873013760
  [415/438] language_model.model.layers.37.self_attn.q_proj source_tensors_remaining=1553 mlx_active_bytes=1881926656
  [416/438] language_model.model.layers.37.self_attn.v_proj source_tensors_remaining=1552 mlx_active_bytes=1883040768
  [417/438] language_model.model.layers.38.mlp.shared_expert.down_proj source_tensors_remaining=1551 mlx_active_bytes=1883597824
  [418/438] language_model.model.layers.38.mlp.shared_expert.gate_proj source_tensors_remaining=1550 mlx_active_bytes=1884154880
  [419/438] language_model.model.layers.38.mlp.shared_expert.up_proj source_tensors_remaining=1549 mlx_active_bytes=1884711936
    layer 38 down_proj: experts 0...15
    layer 38 down_proj: experts 16...31
    layer 38 down_proj: experts 32...47
    layer 38 down_proj: experts 48...63
    layer 38 down_proj: experts 64...79
    layer 38 down_proj: experts 80...95
    layer 38 down_proj: experts 96...111
    layer 38 down_proj: experts 112...127
    layer 38 down_proj: experts 128...143
    layer 38 down_proj: experts 144...159
    layer 38 down_proj: experts 160...175
    layer 38 down_proj: experts 176...191
    layer 38 down_proj: experts 192...207
    layer 38 down_proj: experts 208...223
    layer 38 down_proj: experts 224...239
    layer 38 down_proj: experts 240...255
  [420/438] language_model.model.layers.38.mlp.switch_mlp.down_proj source_tensors_remaining=1293 mlx_active_bytes=2027318272
    layer 38 gate_proj: experts 0...15
    layer 38 gate_proj: experts 16...31
    layer 38 gate_proj: experts 32...47
    layer 38 gate_proj: experts 48...63
    layer 38 gate_proj: experts 64...79
    layer 38 gate_proj: experts 80...95
    layer 38 gate_proj: experts 96...111
    layer 38 gate_proj: experts 112...127
    layer 38 gate_proj: experts 128...143
    layer 38 gate_proj: experts 144...159
    layer 38 gate_proj: experts 160...175
    layer 38 gate_proj: experts 176...191
    layer 38 gate_proj: experts 192...207
    layer 38 gate_proj: experts 208...223
    layer 38 gate_proj: experts 224...239
    layer 38 gate_proj: experts 240...255
  [421/438] language_model.model.layers.38.mlp.switch_mlp.gate_proj source_tensors_remaining=1037 mlx_active_bytes=2169924608
    layer 38 up_proj: experts 0...15
    layer 38 up_proj: experts 16...31
    layer 38 up_proj: experts 32...47
    layer 38 up_proj: experts 48...63
    layer 38 up_proj: experts 64...79
    layer 38 up_proj: experts 80...95
    layer 38 up_proj: experts 96...111
    layer 38 up_proj: experts 112...127
    layer 38 up_proj: experts 128...143
    layer 38 up_proj: experts 144...159
    layer 38 up_proj: experts 160...175
    layer 38 up_proj: experts 176...191
    layer 38 up_proj: experts 192...207
    layer 38 up_proj: experts 208...223
    layer 38 up_proj: experts 224...239
    layer 38 up_proj: experts 240...255
  [422/438] language_model.model.layers.38.mlp.switch_mlp.up_proj source_tensors_remaining=781 mlx_active_bytes=2312530944
  [423/438] language_model.model.layers.38.self_attn.g_proj source_tensors_remaining=780 mlx_active_bytes=2312600576
  [424/438] language_model.model.layers.38.self_attn.k_proj source_tensors_remaining=779 mlx_active_bytes=2313714688
  [425/438] language_model.model.layers.38.self_attn.o_proj source_tensors_remaining=778 mlx_active_bytes=2322627584
  [426/438] language_model.model.layers.38.self_attn.q_proj source_tensors_remaining=777 mlx_active_bytes=2331540480
  [427/438] language_model.model.layers.38.self_attn.v_proj source_tensors_remaining=776 mlx_active_bytes=2332654592
  [428/438] language_model.model.layers.39.mlp.shared_expert.down_proj source_tensors_remaining=775 mlx_active_bytes=2333211648
  [429/438] language_model.model.layers.39.mlp.shared_expert.gate_proj source_tensors_remaining=774 mlx_active_bytes=2333768704
  [430/438] language_model.model.layers.39.mlp.shared_expert.up_proj source_tensors_remaining=773 mlx_active_bytes=2334325760
    layer 39 down_proj: experts 0...15
    layer 39 down_proj: experts 16...31
    layer 39 down_proj: experts 32...47
    layer 39 down_proj: experts 48...63
    layer 39 down_proj: experts 64...79
    layer 39 down_proj: experts 80...95
    layer 39 down_proj: experts 96...111
    layer 39 down_proj: experts 112...127
    layer 39 down_proj: experts 128...143
    layer 39 down_proj: experts 144...159
    layer 39 down_proj: experts 160...175
    layer 39 down_proj: experts 176...191
    layer 39 down_proj: experts 192...207
    layer 39 down_proj: experts 208...223
    layer 39 down_proj: experts 224...239
    layer 39 down_proj: experts 240...255
  [431/438] language_model.model.layers.39.mlp.switch_mlp.down_proj source_tensors_remaining=517 mlx_active_bytes=2476932096
    layer 39 gate_proj: experts 0...15
    layer 39 gate_proj: experts 16...31
    layer 39 gate_proj: experts 32...47
    layer 39 gate_proj: experts 48...63
    layer 39 gate_proj: experts 64...79
    layer 39 gate_proj: experts 80...95
    layer 39 gate_proj: experts 96...111
    layer 39 gate_proj: experts 112...127
    layer 39 gate_proj: experts 128...143
    layer 39 gate_proj: experts 144...159
    layer 39 gate_proj: experts 160...175
    layer 39 gate_proj: experts 176...191
    layer 39 gate_proj: experts 192...207
    layer 39 gate_proj: experts 208...223
    layer 39 gate_proj: experts 224...239
    layer 39 gate_proj: experts 240...255
  [432/438] language_model.model.layers.39.mlp.switch_mlp.gate_proj source_tensors_remaining=261 mlx_active_bytes=2619538432
    layer 39 up_proj: experts 0...15
    layer 39 up_proj: experts 16...31
    layer 39 up_proj: experts 32...47
    layer 39 up_proj: experts 48...63
    layer 39 up_proj: experts 64...79
    layer 39 up_proj: experts 80...95
    layer 39 up_proj: experts 96...111
    layer 39 up_proj: experts 112...127
    layer 39 up_proj: experts 128...143
    layer 39 up_proj: experts 144...159
    layer 39 up_proj: experts 160...175
    layer 39 up_proj: experts 176...191
    layer 39 up_proj: experts 192...207
    layer 39 up_proj: experts 208...223
    layer 39 up_proj: experts 224...239
    layer 39 up_proj: experts 240...255
  [433/438] language_model.model.layers.39.mlp.switch_mlp.up_proj source_tensors_remaining=5 mlx_active_bytes=2762144768
  [434/438] language_model.model.layers.39.self_attn.g_proj source_tensors_remaining=4 mlx_active_bytes=2762214400
  [435/438] language_model.model.layers.39.self_attn.k_proj source_tensors_remaining=3 mlx_active_bytes=2763328512
  [436/438] language_model.model.layers.39.self_attn.o_proj source_tensors_remaining=2 mlx_active_bytes=2772241408
  [437/438] language_model.model.layers.39.self_attn.q_proj source_tensors_remaining=1 mlx_active_bytes=2781154304
  [438/438] language_model.model.layers.39.self_attn.v_proj source_tensors_remaining=0 mlx_active_bytes=2782268416
Created /Users/stephen/Documents/ChatGPT/midnight/tmp/models/Laguna-XS-2.1-Q4R8-G128-LS2-c5f36269 from 4 streamed shard(s). Peak MLX memory: 17451614244 bytes; released 30513 source tensors.
